location_id,item_name,item_modifications,vegan,vegetarian,meat,chicken,reason
VLZX7K2M9QD4T,Black Sheep Meatballs With Spanakorizo,,FALSE,TRUE,FALSE,FALSE,"Black Sheep is a plant-based mock lamb: correct_manual.py OVERRIDE (VLZX7K2M9QD4T, Black Sheep Sandwich / Salad) and VLZX7K2M9QD4T_rule ('Black Sheep' in item -> vegetarian); no real meat in the modifications"
VLZX7K2M9QD4T,Black Sheep Salad,,FALSE,TRUE,FALSE,FALSE,"Black Sheep is a plant-based mock lamb: correct_manual.py OVERRIDE (VLZX7K2M9QD4T, Black Sheep Sandwich / Salad) and VLZX7K2M9QD4T_rule ('Black Sheep' in item -> vegetarian); no real meat in the modifications"
VLZX7K2M9QD4T,Black Sheep Salad,Add Black Sheep Lamb (Served On The Side),FALSE,TRUE,FALSE,FALSE,"Black Sheep is a plant-based mock lamb: correct_manual.py OVERRIDE (VLZX7K2M9QD4T, Black Sheep Sandwich / Salad) and VLZX7K2M9QD4T_rule ('Black Sheep' in item -> vegetarian); no real meat in the modifications"
VLZX7K2M9QD4T,Black Sheep Salad,"Add Black Sheep Lamb (Served On The Side), Greek Style",FALSE,TRUE,FALSE,FALSE,"Black Sheep is a plant-based mock lamb: correct_manual.py OVERRIDE (VLZX7K2M9QD4T, Black Sheep Sandwich / Salad) and VLZX7K2M9QD4T_rule ('Black Sheep' in item -> vegetarian); no real meat in the modifications"
VLZX7K2M9QD4T,Black Sheep Salad,"Add Black Sheep Lamb (Served On The Side), Side Hot Sauce",FALSE,TRUE,FALSE,FALSE,"Black Sheep is a plant-based mock lamb: correct_manual.py OVERRIDE (VLZX7K2M9QD4T, Black Sheep Sandwich / Salad) and VLZX7K2M9QD4T_rule ('Black Sheep' in item -> vegetarian); no real meat in the modifications"
VLZX7K2M9QD4T,Black Sheep Salad,Add Pita,FALSE,TRUE,FALSE,FALSE,"Black Sheep is a plant-based mock lamb: correct_manual.py OVERRIDE (VLZX7K2M9QD4T, Black Sheep Sandwich / Salad) and VLZX7K2M9QD4T_rule ('Black Sheep' in item -> vegetarian); no real meat in the modifications"
VLZX7K2M9QD4T,Black Sheep Salad,"Add Pita, Add Sweet Potato (Served On The Side)",FALSE,TRUE,FALSE,FALSE,"Black Sheep is a plant-based mock lamb: correct_manual.py OVERRIDE (VLZX7K2M9QD4T, Black Sheep Sandwich / Salad) and VLZX7K2M9QD4T_rule ('Black Sheep' in item -> vegetarian); no real meat in the modifications"
VLZX7K2M9QD4T,Black Sheep Salad,"Add Pita, Add Sweet Potato (Served On The Side), Side Hot Sauce",FALSE,TRUE,FALSE,FALSE,"Black Sheep is a plant-based mock lamb: correct_manual.py OVERRIDE (VLZX7K2M9QD4T, Black Sheep Sandwich / Salad) and VLZX7K2M9QD4T_rule ('Black Sheep' in item -> vegetarian); no real meat in the modifications"
VLZX7K2M9QD4T,Black Sheep Salad,"Add Pita, Cheese On Side",FALSE,TRUE,FALSE,FALSE,"Black Sheep is a plant-based mock lamb: correct_manual.py OVERRIDE (VLZX7K2M9QD4T, Black Sheep Sandwich / Salad) and VLZX7K2M9QD4T_rule ('Black Sheep' in item -> vegetarian); no real meat in the modifications"
VLZX7K2M9QD4T,Black Sheep Salad,"Add Pita, Cheese On Side, Dressings On Side",FALSE,TRUE,FALSE,FALSE,"Black Sheep is a plant-based mock lamb: correct_manual.py OVERRIDE (VLZX7K2M9QD4T, Black Sheep Sandwich / Salad) and VLZX7K2M9QD4T_rule ('Black Sheep' in item -> vegetarian); no real meat in the modifications"
VLZX7K2M9QD4T,Black Sheep Salad,"Add Pita, Cheese On Side, Dressings On Side, Add Black Sheep Lamb (Served On The Side), Side Hot Sauce",FALSE,TRUE,FALSE,FALSE,"Black Sheep is a plant-based mock lamb: correct_manual.py OVERRIDE (VLZX7K2M9QD4T, Black Sheep Sandwich / Salad) and VLZX7K2M9QD4T_rule ('Black Sheep' in item -> vegetarian); no real meat in the modifications"
VLZX7K2M9QD4T,Black Sheep Salad,"Add Pita, Cheese On Side, Kale Only, Lite (Less) Yogurt, Dressings On Side, Add Sweet Potato (Served On The Side), Side Hot Sauce",FALSE,TRUE,FALSE,FALSE,"Black Sheep is a plant-based mock lamb: correct_manual.py OVERRIDE (VLZX7K2M9QD4T, Black Sheep Sandwich / Salad) and VLZX7K2M9QD4T_rule ('Black Sheep' in item -> vegetarian); no real meat in the modifications"
VLZX7K2M9QD4T,Black Sheep Salad,"Add Pita, Cheese On Side, Lite (Less) Yogurt, Dressings On Side, No Yogurt Dressing (Olive Oil Only)",FALSE,TRUE,FALSE,FALSE,"Black Sheep is a plant-based mock lamb: correct_manual.py OVERRIDE (VLZX7K2M9QD4T, Black Sheep Sandwich / Salad) and VLZX7K2M9QD4T_rule ('Black Sheep' in item -> vegetarian); no real meat in the modifications"
VLZX7K2M9QD4T,Black Sheep Salad,"Add Pita, Cheese On Side, No Onion, Dressings On Side, No Yogurt Dressing (Olive Oil Only), Add Black Sheep Lamb (Served On The Side)",FALSE,TRUE,FALSE,FALSE,"Black Sheep is a plant-based mock lamb: correct_manual.py OVERRIDE (VLZX7K2M9QD4T, Black Sheep Sandwich / Salad) and VLZX7K2M9QD4T_rule ('Black Sheep' in item -> vegetarian); no real meat in the modifications"
VLZX7K2M9QD4T,Black Sheep Salad,"Add Pita, Cheese On Side, No Onion, Kale Only, Dressings On Side",FALSE,TRUE,FALSE,FALSE,"Black Sheep is a plant-based mock lamb: correct_manual.py OVERRIDE (VLZX7K2M9QD4T, Black Sheep Sandwich / Salad) and VLZX7K2M9QD4T_rule ('Black Sheep' in item -> vegetarian); no real meat in the modifications"
VLZX7K2M9QD4T,Black Sheep Salad,"Add Pita, Cheese On Side, No Yogurt Dressing (Olive Oil Only), Side Hot Sauce",FALSE,TRUE,FALSE,FALSE,"Black Sheep is a plant-based mock lamb: correct_manual.py OVERRIDE (VLZX7K2M9QD4T, Black Sheep Sandwich / Salad) and VLZX7K2M9QD4T_rule ('Black Sheep' in item -> vegetarian); no real meat in the modifications"
VLZX7K2M9QD4T,Black Sheep Salad,"Add Pita, Cheese On Side, Romaine Only",FALSE,TRUE,FALSE,FALSE,"Black Sheep is a plant-based mock lamb: correct_manual.py OVERRIDE (VLZX7K2M9QD4T, Black Sheep Sandwich / Salad) and VLZX7K2M9QD4T_rule ('Black Sheep' in item -> vegetarian); no real meat in the modifications"
VLZX7K2M9QD4T,Black Sheep Salad,"Add Pita, Cheese On Side, Romaine Only, No Yogurt Dressing (Olive Oil Only)",FALSE,TRUE,FALSE,FALSE,"Black Sheep is a plant-based mock lamb: correct_manual.py OVERRIDE (VLZX7K2M9QD4T, Black Sheep Sandwich / Salad) and VLZX7K2M9QD4T_rule ('Black Sheep' in item -> vegetarian); no real meat in the modifications"
VLZX7K2M9QD4T,Black Sheep Salad,"Add Pita, Dressings On Side",FALSE,TRUE,FALSE,FALSE,"Black Sheep is a plant-based mock lamb: correct_manual.py OVERRIDE (VLZX7K2M9QD4T, Black Sheep Sandwich / Salad) and VLZX7K2M9QD4T_rule ('Black Sheep' in item -> vegetarian); no real meat in the modifications"
VLZX7K2M9QD4T,Black Sheep Salad,"Add Pita, Dressings On Side, Add Black Sheep Lamb (Served On The Side)",FALSE,TRUE,FALSE,FALSE,"Black Sheep is a plant-based mock lamb: correct_manual.py OVERRIDE (VLZX7K2M9QD4T, Black Sheep Sandwich / Salad) and VLZX7K2M9QD4T_rule ('Black Sheep' in item -> vegetarian); no real meat in the modifications"
VLZX7K2M9QD4T,Black Sheep Salad,"Add Pita, Dressings On Side, Add Sweet Potato (Served On The Side)",FALSE,TRUE,FALSE,FALSE,"Black Sheep is a plant-based mock lamb: correct_manual.py OVERRIDE (VLZX7K2M9QD4T, Black Sheep Sandwich / Salad) and VLZX7K2M9QD4T_rule ('Black Sheep' in item -> vegetarian); no real meat in the modifications"
VLZX7K2M9QD4T,Black Sheep Salad,"Add Pita, Dressings On Side, Add Sweet Potato (Served On The Side), Greek Style",FALSE,TRUE,FALSE,FALSE,"Black Sheep is a plant-based mock lamb: correct_manual.py OVERRIDE (VLZX7K2M9QD4T, Black Sheep Sandwich / Salad) and VLZX7K2M9QD4T_rule ('Black Sheep' in item -> vegetarian); no real meat in the modifications"
VLZX7K2M9QD4T,Black Sheep Salad,"Add Pita, Dressings On Side, Add Sweet Potato (Served On The Side), Side Hot Sauce",FALSE,TRUE,FALSE,FALSE,"Black Sheep is a plant-based mock lamb: correct_manual.py OVERRIDE (VLZX7K2M9QD4T, Black Sheep Sandwich / Salad) and VLZX7K2M9QD4T_rule ('Black Sheep' in item -> vegetarian); no real meat in the modifications"
VLZX7K2M9QD4T,Black Sheep Salad,"Add Pita, Dressings On Side, Greek Style",FALSE,TRUE,FALSE,FALSE,"Black Sheep is a plant-based mock lamb: correct_manual.py OVERRIDE (VLZX7K2M9QD4T, Black Sheep Sandwich / Salad) and VLZX7K2M9QD4T_rule ('Black Sheep' in item -> vegetarian); no real meat in the modifications"
VLZX7K2M9QD4T,Black Sheep Salad,"Add Pita, Dressings On Side, No Yogurt Dressing (Olive Oil Only)",FALSE,TRUE,FALSE,FALSE,"Black Sheep is a plant-based mock lamb: correct_manual.py OVERRIDE (VLZX7K2M9QD4T, Black Sheep Sandwich / Salad) and VLZX7K2M9QD4T_rule ('Black Sheep' in item -> vegetarian); no real meat in the modifications"
VLZX7K2M9QD4T,Black Sheep Salad,"Add Pita, Dressings On Side, No Yogurt Dressing (Olive Oil Only), Add Sweet Potato (Served On The Side), Side Hot Sauce, Greek Style",FALSE,TRUE,FALSE,FALSE,"Black Sheep is a plant-based mock lamb: correct_manual.py OVERRIDE (VLZX7K2M9QD4T, Black Sheep Sandwich / Salad) and VLZX7K2M9QD4T_rule ('Black Sheep' in item -> vegetarian); no real meat in the modifications"
VLZX7K2M9QD4T,Black Sheep Salad,"Add Pita, Dressings On Side, Side Hot Sauce",FALSE,TRUE,FALSE,FALSE,"Black Sheep is a plant-based mock lamb: correct_manual.py OVERRIDE (VLZX7K2M9QD4T, Black Sheep Sandwich / Salad) and VLZX7K2M9QD4T_rule ('Black Sheep' in item -> vegetarian); no real meat in the modifications"
VLZX7K2M9QD4T,Black Sheep Salad,"Add Pita, Dressings On Side, Side Hot Sauce, Greek Style",FALSE,TRUE,FALSE,FALSE,"Black Sheep is a plant-based mock lamb: correct_manual.py OVERRIDE (VLZX7K2M9QD4T, Black Sheep Sandwich / Salad) and VLZX7K2M9QD4T_rule ('Black Sheep' in item -> vegetarian); no real meat in the modifications"
VLZX7K2M9QD4T,Black Sheep Salad,"Add Pita, Greek Style",FALSE,TRUE,FALSE,FALSE,"Black Sheep is a plant-based mock lamb: correct_manual.py OVERRIDE (VLZX7K2M9QD4T, Black Sheep Sandwich / Salad) and VLZX7K2M9QD4T_rule ('Black Sheep' in item -> vegetarian); no real meat in the modifications"
VLZX7K2M9QD4T,Black Sheep Salad,"Add Pita, Greek Style, Add Black Sheep Lamb (Served On The Side)",FALSE,TRUE,FALSE,FALSE,"Black Sheep is a plant-based mock lamb: correct_manual.py OVERRIDE (VLZX7K2M9QD4T, Black Sheep Sandwich / Salad) and VLZX7K2M9QD4T_rule ('Black Sheep' in item -> vegetarian); no real meat in the modifications"
VLZX7K2M9QD4T,Black Sheep Salad,"Add Pita, Greek Style, Side Hot Sauce",FALSE,TRUE,FALSE,FALSE,"Black Sheep is a plant-based mock lamb: correct_manual.py OVERRIDE (VLZX7K2M9QD4T, Black Sheep Sandwich / Salad) and VLZX7K2M9QD4T_rule ('Black Sheep' in item -> vegetarian); no real meat in the modifications"
VLZX7K2M9QD4T,Black Sheep Salad,"Add Pita, Greek Style, Side Hot Sauce, Add Sweet Potato (Served On The Side)",FALSE,TRUE,FALSE,FALSE,"Black Sheep is a plant-based mock lamb: correct_manual.py OVERRIDE (VLZX7K2M9QD4T, Black Sheep Sandwich / Salad) and VLZX7K2M9QD4T_rule ('Black Sheep' in item -> vegetarian); no real meat in the modifications"
VLZX7K2M9QD4T,Black Sheep Salad,"Add Pita, Kale Only",FALSE,TRUE,FALSE,FALSE,"Black Sheep is a plant-based mock lamb: correct_manual.py OVERRIDE (VLZX7K2M9QD4T, Black Sheep Sandwich / Salad) and VLZX7K2M9QD4T_rule ('Black Sheep' in item -> vegetarian); no real meat in the modifications"
VLZX7K2M9QD4T,Black Sheep Salad,"Add Pita, Kale Only, Dressings On Side",FALSE,TRUE,FALSE,FALSE,"Black Sheep is a plant-based mock lamb: correct_manual.py OVERRIDE (VLZX7K2M9QD4T, Black Sheep Sandwich / Salad) and VLZX7K2M9QD4T_rule ('Black Sheep' in item -> vegetarian); no real meat in the modifications"
VLZX7K2M9QD4T,Black Sheep Salad,"Add Pita, Kale Only, Greek Style",FALSE,TRUE,FALSE,FALSE,"Black Sheep is a plant-based mock lamb: correct_manual.py OVERRIDE (VLZX7K2M9QD4T, Black Sheep Sandwich / Salad) and VLZX7K2M9QD4T_rule ('Black Sheep' in item -> vegetarian); no real meat in the modifications"
VLZX7K2M9QD4T,Black Sheep Salad,"Add Pita, Kale Only, No Yogurt Dressing (Olive Oil Only)",FALSE,TRUE,FALSE,FALSE,"Black Sheep is a plant-based mock lamb: correct_manual.py OVERRIDE (VLZX7K2M9QD4T, Black Sheep Sandwich / Salad) and VLZX7K2M9QD4T_rule ('Black Sheep' in item -> vegetarian); no real meat in the modifications"
VLZX7K2M9QD4T,Black Sheep Salad,"Add Pita, Kale Only, Side Hot Sauce",FALSE,TRUE,FALSE,FALSE,"Black Sheep is a plant-based mock lamb: correct_manual.py OVERRIDE (VLZX7K2M9QD4T, Black Sheep Sandwich / Salad) and VLZX7K2M9QD4T_rule ('Black Sheep' in item -> vegetarian); no real meat in the modifications"
VLZX7K2M9QD4T,Black Sheep Salad,"Add Pita, Lite (Less) Yogurt",FALSE,TRUE,FALSE,FALSE,"Black Sheep is a plant-based mock lamb: correct_manual.py OVERRIDE (VLZX7K2M9QD4T, Black Sheep Sandwich / Salad) and VLZX7K2M9QD4T_rule ('Black Sheep' in item -> vegetarian); no real meat in the modifications"
VLZX7K2M9QD4T,Black Sheep Salad,"Add Pita, Lite (Less) Yogurt, Dressings On Side",FALSE,TRUE,FALSE,FALSE,"Black Sheep is a plant-based mock lamb: correct_manual.py OVERRIDE (VLZX7K2M9QD4T, Black Sheep Sandwich / Salad) and VLZX7K2M9QD4T_rule ('Black Sheep' in item -> vegetarian); no real meat in the modifications"
VLZX7K2M9QD4T,Black Sheep Salad,"Add Pita, Lite (Less) Yogurt, Greek Style",FALSE,TRUE,FALSE,FALSE,"Black Sheep is a plant-based mock lamb: correct_manual.py OVERRIDE (VLZX7K2M9QD4T, Black Sheep Sandwich / Salad) and VLZX7K2M9QD4T_rule ('Black Sheep' in item -> vegetarian); no real meat in the modifications"
VLZX7K2M9QD4T,Black Sheep Salad,"Add Pita, Lite (Less) Yogurt, Side Hot Sauce",FALSE,TRUE,FALSE,FALSE,"Black Sheep is a plant-based mock lamb: correct_manual.py OVERRIDE (VLZX7K2M9QD4T, Black Sheep Sandwich / Salad) and VLZX7K2M9QD4T_rule ('Black Sheep' in item -> vegetarian); no real meat in the modifications"
VLZX7K2M9QD4T,Black Sheep Salad,"Add Pita, No Cheese",FALSE,TRUE,FALSE,FALSE,"Black Sheep is a plant-based mock lamb: correct_manual.py OVERRIDE (VLZX7K2M9QD4T, Black Sheep Sandwich / Salad) and VLZX7K2M9QD4T_rule ('Black Sheep' in item -> vegetarian); no real meat in the modifications"
VLZX7K2M9QD4T,Black Sheep Salad,"Add Pita, No Cheese, Add Sweet Potato (Served On The Side)",FALSE,TRUE,FALSE,FALSE,"Black Sheep is a plant-based mock lamb: correct_manual.py OVERRIDE (VLZX7K2M9QD4T, Black Sheep Sandwich / Salad) and VLZX7K2M9QD4T_rule ('Black Sheep' in item -> vegetarian); no real meat in the modifications"
VLZX7K2M9QD4T,Black Sheep Salad,"Add Pita, No Cheese, Dressings On Side",FALSE,TRUE,FALSE,FALSE,"Black Sheep is a plant-based mock lamb: correct_manual.py OVERRIDE (VLZX7K2M9QD4T, Black Sheep Sandwich / Salad) and VLZX7K2M9QD4T_rule ('Black Sheep' in item -> vegetarian); no real meat in the modifications"
VLZX7K2M9QD4T,Black Sheep Salad,"Add Pita, No Cheese, Dressings On Side, Greek Style",FALSE,TRUE,FALSE,FALSE,"Black Sheep is a plant-based mock lamb: correct_manual.py OVERRIDE (VLZX7K2M9QD4T, Black Sheep Sandwich / Salad) and VLZX7K2M9QD4T_rule ('Black Sheep' in item -> vegetarian); no real meat in the modifications"
VLZX7K2M9QD4T,Black Sheep Salad,"Add Pita, No Cheese, Dressings On Side, No Yogurt Dressing (Olive Oil Only)",TRUE,TRUE,FALSE,FALSE,"Black Sheep is a plant-based mock lamb: correct_manual.py OVERRIDE (VLZX7K2M9QD4T, Black Sheep Sandwich / Salad) and VLZX7K2M9QD4T_rule ('Black Sheep' in item -> vegetarian); no real meat in the modifications"
VLZX7K2M9QD4T,Black Sheep Salad,"Add Pita, No Cheese, Dressings On Side, No Yogurt Dressing (Olive Oil Only), Side Hot Sauce, Greek Style",TRUE,TRUE,FALSE,FALSE,"Black Sheep is a plant-based mock lamb: correct_manual.py OVERRIDE (VLZX7K2M9QD4T, Black Sheep Sandwich / Salad) and VLZX7K2M9QD4T_rule ('Black Sheep' in item -> vegetarian); no real meat in the modifications"
VLZX7K2M9QD4T,Black Sheep Salad,"Add Pita, No Cheese, Dressings On Side, Side Hot Sauce",FALSE,TRUE,FALSE,FALSE,"Black Sheep is a plant-based mock lamb: correct_manual.py OVERRIDE (VLZX7K2M9QD4T, Black Sheep Sandwich / Salad) and VLZX7K2M9QD4T_rule ('Black Sheep' in item -> vegetarian); no real meat in the modifications"
VLZX7K2M9QD4T,Black Sheep Salad,"Add Pita, No Cheese, Dressings On Side, Side Hot Sauce, Greek Style",FALSE,TRUE,FALSE,FALSE,"Black Sheep is a plant-based mock lamb: correct_manual.py OVERRIDE (VLZX7K2M9QD4T, Black Sheep Sandwich / Salad) and VLZX7K2M9QD4T_rule ('Black Sheep' in item -> vegetarian); no real meat in the modifications"
VLZX7K2M9QD4T,Black Sheep Salad,"Add Pita, No Cheese, Dry (No Dressing)",TRUE,TRUE,FALSE,FALSE,"Black Sheep is a plant-based mock lamb: correct_manual.py OVERRIDE (VLZX7K2M9QD4T, Black Sheep Sandwich / Salad) and VLZX7K2M9QD4T_rule ('Black Sheep' in item -> vegetarian); no real meat in the modifications"
VLZX7K2M9QD4T,Black Sheep Salad,"Add Pita, No Cheese, Kale Only",FALSE,TRUE,FALSE,FALSE,"Black Sheep is a plant-based mock lamb: correct_manual.py OVERRIDE (VLZX7K2M9QD4T, Black Sheep Sandwich / Salad) and VLZX7K2M9QD4T_rule ('Black Sheep' in item -> vegetarian); no real meat in the modifications"
VLZX7K2M9QD4T,Black Sheep Salad,"Add Pita, No Cheese, Lite (Less) Yogurt",FALSE,TRUE,FALSE,FALSE,"Black Sheep is a plant-based mock lamb: correct_manual.py OVERRIDE (VLZX7K2M9QD4T, Black Sheep Sandwich / Salad) and VLZX7K2M9QD4T_rule ('Black Sheep' in item -> vegetarian); no real meat in the modifications"
VLZX7K2M9QD4T,Black Sheep Salad,"Add Pita, No Cheese, No Yogurt Dressing (Olive Oil Only)",TRUE,TRUE,FALSE,FALSE,"Black Sheep is a plant-based mock lamb: correct_manual.py OVERRIDE (VLZX7K2M9QD4T, Black Sheep Sandwich / Salad) and VLZX7K2M9QD4T_rule ('Black Sheep' in item -> vegetarian); no real meat in the modifications"
VLZX7K2M9QD4T,Black Sheep Salad,"Add Pita, No Cheese, No Yogurt Dressing (Olive Oil Only), Add Black Sheep Lamb (Served On The Side)",FALSE,TRUE,FALSE,FALSE,"Black Sheep is a plant-based mock lamb: correct_manual.py OVERRIDE (VLZX7K2M9QD4T, Black Sheep Sandwich / Salad) and VLZX7K2M9QD4T_rule ('Black Sheep' in item -> vegetarian); no real meat in the modifications"
VLZX7K2M9QD4T,Black Sheep Salad,"Add Pita, No Cheese, No Yogurt Dressing (Olive Oil Only), Add Black Sheep Lamb (Served On The Side), Greek Style",FALSE,TRUE,FALSE,FALSE,"Black Sheep is a plant-based mock lamb: correct_manual.py OVERRIDE (VLZX7K2M9QD4T, Black Sheep Sandwich / Salad) and VLZX7K2M9QD4T_rule ('Black Sheep' in item -> vegetarian); no real meat in the modifications"
VLZX7K2M9QD4T,Black Sheep Salad,"Add Pita, No Cheese, No Yogurt Dressing (Olive Oil Only), Greek Style",TRUE,TRUE,FALSE,FALSE,"Black Sheep is a plant-based mock lamb: correct_manual.py OVERRIDE (VLZX7K2M9QD4T, Black Sheep Sandwich / Salad) and VLZX7K2M9QD4T_rule ('Black Sheep' in item -> vegetarian); no real meat in the modifications"
VLZX7K2M9QD4T,Black Sheep Salad,"Add Pita, No Cheese, No Yogurt Dressing (Olive Oil Only), Side Hot Sauce",TRUE,TRUE,FALSE,FALSE,"Black Sheep is a plant-based mock lamb: correct_manual.py OVERRIDE (VLZX7K2M9QD4T, Black Sheep Sandwich / Salad) and VLZX7K2M9QD4T_rule ('Black Sheep' in item -> vegetarian); no real meat in the modifications"
VLZX7K2M9QD4T,Black Sheep Salad,"Add Pita, No Cheese, Side Hot Sauce",FALSE,TRUE,FALSE,FALSE,"Black Sheep is a plant-based mock lamb: correct_manual.py OVERRIDE (VLZX7K2M9QD4T, Black Sheep Sandwich / Salad) and VLZX7K2M9QD4T_rule ('Black Sheep' in item -> vegetarian); no real meat in the modifications"
VLZX7K2M9QD4T,Black Sheep Salad,"Add Pita, No Onion",FALSE,TRUE,FALSE,FALSE,"Black Sheep is a plant-based mock lamb: correct_manual.py OVERRIDE (VLZX7K2M9QD4T, Black Sheep Sandwich / Salad) and VLZX7K2M9QD4T_rule ('Black Sheep' in item -> vegetarian); no real meat in the modifications"
VLZX7K2M9QD4T,Black Sheep Salad,"Add Pita, No Onion, Add Black Sheep Lamb (Served On The Side), Add Sweet Potato (Served On The Side)",FALSE,TRUE,FALSE,FALSE,"Black Sheep is a plant-based mock lamb: correct_manual.py OVERRIDE (VLZX7K2M9QD4T, Black Sheep Sandwich / Salad) and VLZX7K2M9QD4T_rule ('Black Sheep' in item -> vegetarian); no real meat in the modifications"
VLZX7K2M9QD4T,Black Sheep Salad,"Add Pita, No Onion, Dressings On Side",FALSE,TRUE,FALSE,FALSE,"Black Sheep is a plant-based mock lamb: correct_manual.py OVERRIDE (VLZX7K2M9QD4T, Black Sheep Sandwich / Salad) and VLZX7K2M9QD4T_rule ('Black Sheep' in item -> vegetarian); no real meat in the modifications"
VLZX7K2M9QD4T,Black Sheep Salad,"Add Pita, No Onion, Dressings On Side, Add Black Sheep Lamb (Served On The Side)",FALSE,TRUE,FALSE,FALSE,"Black Sheep is a plant-based mock lamb: correct_manual.py OVERRIDE (VLZX7K2M9QD4T, Black Sheep Sandwich / Salad) and VLZX7K2M9QD4T_rule ('Black Sheep' in item -> vegetarian); no real meat in the modifications"
VLZX7K2M9QD4T,Black Sheep Salad,"Add Pita, No Onion, Dressings On Side, Add Sweet Potato (Served On The Side)",FALSE,TRUE,FALSE,FALSE,"Black Sheep is a plant-based mock lamb: correct_manual.py OVERRIDE (VLZX7K2M9QD4T, Black Sheep Sandwich / Salad) and VLZX7K2M9QD4T_rule ('Black Sheep' in item -> vegetarian); no real meat in the modifications"
VLZX7K2M9QD4T,Black Sheep Salad,"Add Pita, No Onion, Dressings On Side, Greek Style",FALSE,TRUE,FALSE,FALSE,"Black Sheep is a plant-based mock lamb: correct_manual.py OVERRIDE (VLZX7K2M9QD4T, Black Sheep Sandwich / Salad) and VLZX7K2M9QD4T_rule ('Black Sheep' in item -> vegetarian); no real meat in the modifications"
VLZX7K2M9QD4T,Black Sheep Salad,"Add Pita, No Onion, Dressings On Side, No Yogurt Dressing (Olive Oil Only)",FALSE,TRUE,FALSE,FALSE,"Black Sheep is a plant-based mock lamb: correct_manual.py OVERRIDE (VLZX7K2M9QD4T, Black Sheep Sandwich / Salad) and VLZX7K2M9QD4T_rule ('Black Sheep' in item -> vegetarian); no real meat in the modifications"
VLZX7K2M9QD4T,Black Sheep Salad,"Add Pita, No Onion, Dressings On Side, Side Hot Sauce, Greek Style",FALSE,TRUE,FALSE,FALSE,"Black Sheep is a plant-based mock lamb: correct_manual.py OVERRIDE (VLZX7K2M9QD4T, Black Sheep Sandwich / Salad) and VLZX7K2M9QD4T_rule ('Black Sheep' in item -> vegetarian); no real meat in the modifications"
VLZX7K2M9QD4T,Black Sheep Salad,"Add Pita, No Onion, Dry (No Dressing)",FALSE,TRUE,FALSE,FALSE,"Black Sheep is a plant-based mock lamb: correct_manual.py OVERRIDE (VLZX7K2M9QD4T, Black Sheep Sandwich / Salad) and VLZX7K2M9QD4T_rule ('Black Sheep' in item -> vegetarian); no real meat in the modifications"
VLZX7K2M9QD4T,Black Sheep Salad,"Add Pita, No Onion, Greek Style",FALSE,TRUE,FALSE,FALSE,"Black Sheep is a plant-based mock lamb: correct_manual.py OVERRIDE (VLZX7K2M9QD4T, Black Sheep Sandwich / Salad) and VLZX7K2M9QD4T_rule ('Black Sheep' in item -> vegetarian); no real meat in the modifications"
VLZX7K2M9QD4T,Black Sheep Salad,"Add Pita, No Onion, Kale Only, Add Black Sheep Lamb (Served On The Side)",FALSE,TRUE,FALSE,FALSE,"Black Sheep is a plant-based mock lamb: correct_manual.py OVERRIDE (VLZX7K2M9QD4T, Black Sheep Sandwich / Salad) and VLZX7K2M9QD4T_rule ('Black Sheep' in item -> vegetarian); no real meat in the modifications"
VLZX7K2M9QD4T,Black Sheep Salad,"Add Pita, No Onion, Kale Only, Dressings On Side",FALSE,TRUE,FALSE,FALSE,"Black Sheep is a plant-based mock lamb: correct_manual.py OVERRIDE (VLZX7K2M9QD4T, Black Sheep Sandwich / Salad) and VLZX7K2M9QD4T_rule ('Black Sheep' in item -> vegetarian); no real meat in the modifications"
VLZX7K2M9QD4T,Black Sheep Salad,"Add Pita, No Onion, No Cheese, Dressings On Side",FALSE,TRUE,FALSE,FALSE,"Black Sheep is a plant-based mock lamb: correct_manual.py OVERRIDE (VLZX7K2M9QD4T, Black Sheep Sandwich / Salad) and VLZX7K2M9QD4T_rule ('Black Sheep' in item -> vegetarian); no real meat in the modifications"
VLZX7K2M9QD4T,Black Sheep Salad,"Add Pita, No Onion, No Cheese, Kale Only, Dressings On Side",FALSE,TRUE,FALSE,FALSE,"Black Sheep is a plant-based mock lamb: correct_manual.py OVERRIDE (VLZX7K2M9QD4T, Black Sheep Sandwich / Salad) and VLZX7K2M9QD4T_rule ('Black Sheep' in item -> vegetarian); no real meat in the modifications"
VLZX7K2M9QD4T,Black Sheep Salad,"Add Pita, No Onion, Romaine Only, Dressings On Side",FALSE,TRUE,FALSE,FALSE,"Black Sheep is a plant-based mock lamb: correct_manual.py OVERRIDE (VLZX7K2M9QD4T, Black Sheep Sandwich / Salad) and VLZX7K2M9QD4T_rule ('Black Sheep' in item -> vegetarian); no real meat in the modifications"
VLZX7K2M9QD4T,Black Sheep Salad,"Add Pita, No Yogurt Dressing (Olive Oil Only)",FALSE,TRUE,FALSE,FALSE,"Black Sheep is a plant-based mock lamb: correct_manual.py OVERRIDE (VLZX7K2M9QD4T, Black Sheep Sandwich / Salad) and VLZX7K2M9QD4T_rule ('Black Sheep' in item -> vegetarian); no real meat in the modifications"
VLZX7K2M9QD4T,Black Sheep Salad,"Add Pita, No Yogurt Dressing (Olive Oil Only), Add Black Sheep Lamb (Served On The Side)",FALSE,TRUE,FALSE,FALSE,"Black Sheep is a plant-based mock lamb: correct_manual.py OVERRIDE (VLZX7K2M9QD4T, Black Sheep Sandwich / Salad) and VLZX7K2M9QD4T_rule ('Black Sheep' in item -> vegetarian); no real meat in the modifications"
VLZX7K2M9QD4T,Black Sheep Salad,"Add Pita, Romaine Only",FALSE,TRUE,FALSE,FALSE,"Black Sheep is a plant-based mock lamb: correct_manual.py OVERRIDE (VLZX7K2M9QD4T, Black Sheep Sandwich / Salad) and VLZX7K2M9QD4T_rule ('Black Sheep' in item -> vegetarian); no real meat in the modifications"
VLZX7K2M9QD4T,Black Sheep Salad,"Add Pita, Romaine Only, Dressings On Side",FALSE,TRUE,FALSE,FALSE,"Black Sheep is a plant-based mock lamb: correct_manual.py OVERRIDE (VLZX7K2M9QD4T, Black Sheep Sandwich / Salad) and VLZX7K2M9QD4T_rule ('Black Sheep' in item -> vegetarian); no real meat in the modifications"
VLZX7K2M9QD4T,Black Sheep Salad,"Add Pita, Romaine Only, Greek Style",FALSE,TRUE,FALSE,FALSE,"Black Sheep is a plant-based mock lamb: correct_manual.py OVERRIDE (VLZX7K2M9QD4T, Black Sheep Sandwich / Salad) and VLZX7K2M9QD4T_rule ('Black Sheep' in item -> vegetarian); no real meat in the modifications"
VLZX7K2M9QD4T,Black Sheep Salad,"Add Pita, Romaine Only, Side Hot Sauce",FALSE,TRUE,FALSE,FALSE,"Black Sheep is a plant-based mock lamb: correct_manual.py OVERRIDE (VLZX7K2M9QD4T, Black Sheep Sandwich / Salad) and VLZX7K2M9QD4T_rule ('Black Sheep' in item -> vegetarian); no real meat in the modifications"
VLZX7K2M9QD4T,Black Sheep Salad,"Add Pita, Side Hot Sauce",FALSE,TRUE,FALSE,FALSE,"Black Sheep is a plant-based mock lamb: correct_manual.py OVERRIDE (VLZX7K2M9QD4T, Black Sheep Sandwich / Salad) and VLZX7K2M9QD4T_rule ('Black Sheep' in item -> vegetarian); no real meat in the modifications"
VLZX7K2M9QD4T,Black Sheep Salad,"Add Pita, Side Hot Sauce, Greek Style",FALSE,TRUE,FALSE,FALSE,"Black Sheep is a plant-based mock lamb: correct_manual.py OVERRIDE (VLZX7K2M9QD4T, Black Sheep Sandwich / Salad) and VLZX7K2M9QD4T_rule ('Black Sheep' in item -> vegetarian); no real meat in the modifications"
VLZX7K2M9QD4T,Black Sheep Salad,"Add Pita, Veg Set Up",FALSE,TRUE,FALSE,FALSE,"Black Sheep is a plant-based mock lamb: correct_manual.py OVERRIDE (VLZX7K2M9QD4T, Black Sheep Sandwich / Salad) and VLZX7K2M9QD4T_rule ('Black Sheep' in item -> vegetarian); no real meat in the modifications"
VLZX7K2M9QD4T,Black Sheep Salad,Add Sweet Potato (Served On The Side),FALSE,TRUE,FALSE,FALSE,"Black Sheep is a plant-based mock lamb: correct_manual.py OVERRIDE (VLZX7K2M9QD4T, Black Sheep Sandwich / Salad) and VLZX7K2M9QD4T_rule ('Black Sheep' in item -> vegetarian); no real meat in the modifications"
VLZX7K2M9QD4T,Black Sheep Salad,"Add Sweet Potato (Served On The Side), Greek Style",FALSE,TRUE,FALSE,FALSE,"Black Sheep is a plant-based mock lamb: correct_manual.py OVERRIDE (VLZX7K2M9QD4T, Black Sheep Sandwich / Salad) and VLZX7K2M9QD4T_rule ('Black Sheep' in item -> vegetarian); no real meat in the modifications"
VLZX7K2M9QD4T,Black Sheep Salad,"Add Sweet Potato (Served On The Side), Side Hot Sauce",FALSE,TRUE,FALSE,FALSE,"Black Sheep is a plant-based mock lamb: correct_manual.py OVERRIDE (VLZX7K2M9QD4T, Black Sheep Sandwich / Salad) and VLZX7K2M9QD4T_rule ('Black Sheep' in item -> vegetarian); no real meat in the modifications"
VLZX7K2M9QD4T,Black Sheep Salad,"Add Sweet Potato (Served On The Side), Side Hot Sauce, Greek Style",FALSE,TRUE,FALSE,FALSE,"Black Sheep is a plant-based mock lamb: correct_manual.py OVERRIDE (VLZX7K2M9QD4T, Black Sheep Sandwich / Salad) and VLZX7K2M9QD4T_rule ('Black Sheep' in item -> vegetarian); no real meat in the modifications"
VLZX7K2M9QD4T,Black Sheep Salad,"Add Sweet Potato (Served On The Side), Split Cut In Half",FALSE,TRUE,FALSE,FALSE,"Black Sheep is a plant-based mock lamb: correct_manual.py OVERRIDE (VLZX7K2M9QD4T, Black Sheep Sandwich / Salad) and VLZX7K2M9QD4T_rule ('Black Sheep' in item -> vegetarian); no real meat in the modifications"
VLZX7K2M9QD4T,Black Sheep Salad,"Allergy Alergia, No Walnuts",FALSE,TRUE,FALSE,FALSE,"Black Sheep is a plant-based mock lamb: correct_manual.py OVERRIDE (VLZX7K2M9QD4T, Black Sheep Sandwich / Salad) and VLZX7K2M9QD4T_rule ('Black Sheep' in item -> vegetarian); no real meat in the modifications"
VLZX7K2M9QD4T,Black Sheep Salad,Cheese On Side,FALSE,TRUE,FALSE,FALSE,"Black Sheep is a plant-based mock lamb: correct_manual.py OVERRIDE (VLZX7K2M9QD4T, Black Sheep Sandwich / Salad) and VLZX7K2M9QD4T_rule ('Black Sheep' in item -> vegetarian); no real meat in the modifications"
VLZX7K2M9QD4T,Black Sheep Salad,"Cheese On Side, Add Pita",FALSE,TRUE,FALSE,FALSE,"Black Sheep is a plant-based mock lamb: correct_manual.py OVERRIDE (VLZX7K2M9QD4T, Black Sheep Sandwich / Salad) and VLZX7K2M9QD4T_rule ('Black Sheep' in item -> vegetarian); no real meat in the modifications"
VLZX7K2M9QD4T,Black Sheep Salad,"Cheese On Side, Add Pita, Dressings On Side",FALSE,TRUE,FALSE,FALSE,"Black Sheep is a plant-based mock lamb: correct_manual.py OVERRIDE (VLZX7K2M9QD4T, Black Sheep Sandwich / Salad) and VLZX7K2M9QD4T_rule ('Black Sheep' in item -> vegetarian); no real meat in the modifications"
VLZX7K2M9QD4T,Black Sheep Salad,"Cheese On Side, Dressings On Side",FALSE,TRUE,FALSE,FALSE,"Black Sheep is a plant-based mock lamb: correct_manual.py OVERRIDE (VLZX7K2M9QD4T, Black Sheep Sandwich / Salad) and VLZX7K2M9QD4T_rule ('Black Sheep' in item -> vegetarian); no real meat in the modifications"
VLZX7K2M9QD4T,Black Sheep Salad,"Cheese On Side, Dressings On Side, Add Sweet Potato (Served On The Side)",FALSE,TRUE,FALSE,FALSE,"Black Sheep is a plant-based mock lamb: correct_manual.py OVERRIDE (VLZX7K2M9QD4T, Black Sheep Sandwich / Salad) and VLZX7K2M9QD4T_rule ('Black Sheep' in item -> vegetarian); no real meat in the modifications"
VLZX7K2M9QD4T,Black Sheep Salad,"Cheese On Side, Dressings On Side, Add Sweet Potato (Served On The Side), Side Hot Sauce",FALSE,TRUE,FALSE,FALSE,"Black Sheep is a plant-based mock lamb: correct_manual.py OVERRIDE (VLZX7K2M9QD4T, Black Sheep Sandwich / Salad) and VLZX7K2M9QD4T_rule ('Black Sheep' in item -> vegetarian); no real meat in the modifications"
VLZX7K2M9QD4T,Black Sheep Salad,"Cheese On Side, Dressings On Side, Greek Style",FALSE,TRUE,FALSE,FALSE,"Black Sheep is a plant-based mock lamb: correct_manual.py OVERRIDE (VLZX7K2M9QD4T, Black Sheep Sandwich / Salad) and VLZX7K2M9QD4T_rule ('Black Sheep' in item -> vegetarian); no real meat in the modifications"
VLZX7K2M9QD4T,Black Sheep Salad,"Cheese On Side, Dressings On Side, Greek Style, Side Hot Sauce",FALSE,TRUE,FALSE,FALSE,"Black Sheep is a plant-based mock lamb: correct_manual.py OVERRIDE (VLZX7K2M9QD4T, Black Sheep Sandwich / Salad) and VLZX7K2M9QD4T_rule ('Black Sheep' in item -> vegetarian); no real meat in the modifications"
VLZX7K2M9QD4T,Black Sheep Salad,"Cheese On Side, Dressings On Side, No Yogurt Dressing (Olive Oil Only)",FALSE,TRUE,FALSE,FALSE,"Black Sheep is a plant-based mock lamb: correct_manual.py OVERRIDE (VLZX7K2M9QD4T, Black Sheep Sandwich / Salad) and VLZX7K2M9QD4T_rule ('Black Sheep' in item -> vegetarian); no real meat in the modifications"
VLZX7K2M9QD4T,Black Sheep Salad,"Cheese On Side, Dressings On Side, Side Hot Sauce",FALSE,TRUE,FALSE,FALSE,"Black Sheep is a plant-based mock lamb: correct_manual.py OVERRIDE (VLZX7K2M9QD4T, Black Sheep Sandwich / Salad) and VLZX7K2M9QD4T_rule ('Black Sheep' in item -> vegetarian); no real meat in the modifications"
VLZX7K2M9QD4T,Black Sheep Salad,"Cheese On Side, Dressings On Side, Side Hot Sauce, Greek Style",FALSE,TRUE,FALSE,FALSE,"Black Sheep is a plant-based mock lamb: correct_manual.py OVERRIDE (VLZX7K2M9QD4T, Black Sheep Sandwich / Salad) and VLZX7K2M9QD4T_rule ('Black Sheep' in item -> vegetarian); no real meat in the modifications"
VLZX7K2M9QD4T,Black Sheep Salad,"Cheese On Side, Dry (No Dressing)",FALSE,TRUE,FALSE,FALSE,"Black Sheep is a plant-based mock lamb: correct_manual.py OVERRIDE (VLZX7K2M9QD4T, Black Sheep Sandwich / Salad) and VLZX7K2M9QD4T_rule ('Black Sheep' in item -> vegetarian); no real meat in the modifications"
VLZX7K2M9QD4T,Black Sheep Salad,"Cheese On Side, Greek Style",FALSE,TRUE,FALSE,FALSE,"Black Sheep is a plant-based mock lamb: correct_manual.py OVERRIDE (VLZX7K2M9QD4T, Black Sheep Sandwich / Salad) and VLZX7K2M9QD4T_rule ('Black Sheep' in item -> vegetarian); no real meat in the modifications"
VLZX7K2M9QD4T,Black Sheep Salad,"Cheese On Side, Kale Only",FALSE,TRUE,FALSE,FALSE,"Black Sheep is a plant-based mock lamb: correct_manual.py OVERRIDE (VLZX7K2M9QD4T, Black Sheep Sandwich / Salad) and VLZX7K2M9QD4T_rule ('Black Sheep' in item -> vegetarian); no real meat in the modifications"
VLZX7K2M9QD4T,Black Sheep Salad,"Cheese On Side, Kale Only, Dressings On Side",FALSE,TRUE,FALSE,FALSE,"Black Sheep is a plant-based mock lamb: correct_manual.py OVERRIDE (VLZX7K2M9QD4T, Black Sheep Sandwich / Salad) and VLZX7K2M9QD4T_rule ('Black Sheep' in item -> vegetarian); no real meat in the modifications"
VLZX7K2M9QD4T,Black Sheep Salad,"Cheese On Side, Kale Only, Dressings On Side, Add Sweet Potato (Served On The Side), Side Hot Sauce",FALSE,TRUE,FALSE,FALSE,"Black Sheep is a plant-based mock lamb: correct_manual.py OVERRIDE (VLZX7K2M9QD4T, Black Sheep Sandwich / Salad) and VLZX7K2M9QD4T_rule ('Black Sheep' in item -> vegetarian); no real meat in the modifications"
VLZX7K2M9QD4T,Black Sheep Salad,"Cheese On Side, Kale Only, Dressings On Side, No Yogurt Dressing (Olive Oil Only), Side Hot Sauce",FALSE,TRUE,FALSE,FALSE,"Black Sheep is a plant-based mock lamb: correct_manual.py OVERRIDE (VLZX7K2M9QD4T, Black Sheep Sandwich / Salad) and VLZX7K2M9QD4T_rule ('Black Sheep' in item -> vegetarian); no real meat in the modifications"
VLZX7K2M9QD4T,Black Sheep Salad,"Cheese On Side, Kale Only, Lite (Less) Yogurt",FALSE,TRUE,FALSE,FALSE,"Black Sheep is a plant-based mock lamb: correct_manual.py OVERRIDE (VLZX7K2M9QD4T, Black Sheep Sandwich / Salad) and VLZX7K2M9QD4T_rule ('Black Sheep' in item -> vegetarian); no real meat in the modifications"
VLZX7K2M9QD4T,Black Sheep Salad,"Cheese On Side, Kale Only, Side Hot Sauce",FALSE,TRUE,FALSE,FALSE,"Black Sheep is a plant-based mock lamb: correct_manual.py OVERRIDE (VLZX7K2M9QD4T, Black Sheep Sandwich / Salad) and VLZX7K2M9QD4T_rule ('Black Sheep' in item -> vegetarian); no real meat in the modifications"
VLZX7K2M9QD4T,Black Sheep Salad,"Cheese On Side, Lite (Less) Yogurt",FALSE,TRUE,FALSE,FALSE,"Black Sheep is a plant-based mock lamb: correct_manual.py OVERRIDE (VLZX7K2M9QD4T, Black Sheep Sandwich / Salad) and VLZX7K2M9QD4T_rule ('Black Sheep' in item -> vegetarian); no real meat in the modifications"
VLZX7K2M9QD4T,Black Sheep Salad,"Cheese On Side, Lite (Less) Yogurt, Dressings On Side",FALSE,TRUE,FALSE,FALSE,"Black Sheep is a plant-based mock lamb: correct_manual.py OVERRIDE (VLZX7K2M9QD4T, Black Sheep Sandwich / Salad) and VLZX7K2M9QD4T_rule ('Black Sheep' in item -> vegetarian); no real meat in the modifications"
VLZX7K2M9QD4T,Black Sheep Salad,"Cheese On Side, Lite (Less) Yogurt, Dressings On Side, Greek Style",FALSE,TRUE,FALSE,FALSE,"Black Sheep is a plant-based mock lamb: correct_manual.py OVERRIDE (VLZX7K2M9QD4T, Black Sheep Sandwich / Salad) and VLZX7K2M9QD4T_rule ('Black Sheep' in item -> vegetarian); no real meat in the modifications"
VLZX7K2M9QD4T,Black Sheep Salad,"Cheese On Side, Lite (Less) Yogurt, Greek Style",FALSE,TRUE,FALSE,FALSE,"Black Sheep is a plant-based mock lamb: correct_manual.py OVERRIDE (VLZX7K2M9QD4T, Black Sheep Sandwich / Salad) and VLZX7K2M9QD4T_rule ('Black Sheep' in item -> vegetarian); no real meat in the modifications"
VLZX7K2M9QD4T,Black Sheep Salad,"Cheese On Side, No Cheese, Romaine Only",FALSE,TRUE,FALSE,FALSE,"Black Sheep is a plant-based mock lamb: correct_manual.py OVERRIDE (VLZX7K2M9QD4T, Black Sheep Sandwich / Salad) and VLZX7K2M9QD4T_rule ('Black Sheep' in item -> vegetarian); no real meat in the modifications"
VLZX7K2M9QD4T,Black Sheep Salad,"Cheese On Side, No Onion, Dressings On Side",FALSE,TRUE,FALSE,FALSE,"Black Sheep is a plant-based mock lamb: correct_manual.py OVERRIDE (VLZX7K2M9QD4T, Black Sheep Sandwich / Salad) and VLZX7K2M9QD4T_rule ('Black Sheep' in item -> vegetarian); no real meat in the modifications"
VLZX7K2M9QD4T,Black Sheep Salad,"Cheese On Side, No Onion, No Yogurt Dressing (Olive Oil Only), Add Sweet Potato (Served On The Side)",FALSE,TRUE,FALSE,FALSE,"Black Sheep is a plant-based mock lamb: correct_manual.py OVERRIDE (VLZX7K2M9QD4T, Black Sheep Sandwich / Salad) and VLZX7K2M9QD4T_rule ('Black Sheep' in item -> vegetarian); no real meat in the modifications"
VLZX7K2M9QD4T,Black Sheep Salad,"Cheese On Side, No Onion, No Yogurt Dressing (Olive Oil Only), Greek Style",FALSE,TRUE,FALSE,FALSE,"Black Sheep is a plant-based mock lamb: correct_manual.py OVERRIDE (VLZX7K2M9QD4T, Black Sheep Sandwich / Salad) and VLZX7K2M9QD4T_rule ('Black Sheep' in item -> vegetarian); no real meat in the modifications"
VLZX7K2M9QD4T,Black Sheep Salad,"Cheese On Side, No Yogurt Dressing (Olive Oil Only)",FALSE,TRUE,FALSE,FALSE,"Black Sheep is a plant-based mock lamb: correct_manual.py OVERRIDE (VLZX7K2M9QD4T, Black Sheep Sandwich / Salad) and VLZX7K2M9QD4T_rule ('Black Sheep' in item -> vegetarian); no real meat in the modifications"
VLZX7K2M9QD4T,Black Sheep Salad,"Cheese On Side, No Yogurt Dressing (Olive Oil Only), Dressings On Side",FALSE,TRUE,FALSE,FALSE,"Black Sheep is a plant-based mock lamb: correct_manual.py OVERRIDE (VLZX7K2M9QD4T, Black Sheep Sandwich / Salad) and VLZX7K2M9QD4T_rule ('Black Sheep' in item -> vegetarian); no real meat in the modifications"
VLZX7K2M9QD4T,Black Sheep Salad,"Cheese On Side, No Yogurt Dressing (Olive Oil Only), Side Hot Sauce",FALSE,TRUE,FALSE,FALSE,"Black Sheep is a plant-based mock lamb: correct_manual.py OVERRIDE (VLZX7K2M9QD4T, Black Sheep Sandwich / Salad) and VLZX7K2M9QD4T_rule ('Black Sheep' in item -> vegetarian); no real meat in the modifications"
VLZX7K2M9QD4T,Black Sheep Salad,"Cheese On Side, Romaine Only",FALSE,TRUE,FALSE,FALSE,"Black Sheep is a plant-based mock lamb: correct_manual.py OVERRIDE (VLZX7K2M9QD4T, Black Sheep Sandwich / Salad) and VLZX7K2M9QD4T_rule ('Black Sheep' in item -> vegetarian); no real meat in the modifications"
VLZX7K2M9QD4T,Black Sheep Salad,"Cheese On Side, Side Hot Sauce",FALSE,TRUE,FALSE,FALSE,"Black Sheep is a plant-based mock lamb: correct_manual.py OVERRIDE (VLZX7K2M9QD4T, Black Sheep Sandwich / Salad) and VLZX7K2M9QD4T_rule ('Black Sheep' in item -> vegetarian); no real meat in the modifications"
VLZX7K2M9QD4T,Black Sheep Salad,"Cheese On Side, Side Hot Sauce, Greek Style",FALSE,TRUE,FALSE,FALSE,"Black Sheep is a plant-based mock lamb: correct_manual.py OVERRIDE (VLZX7K2M9QD4T, Black Sheep Sandwich / Salad) and VLZX7K2M9QD4T_rule ('Black Sheep' in item -> vegetarian); no real meat in the modifications"
VLZX7K2M9QD4T,Black Sheep Salad,Don'T Make,FALSE,TRUE,FALSE,FALSE,"Black Sheep is a plant-based mock lamb: correct_manual.py OVERRIDE (VLZX7K2M9QD4T, Black Sheep Sandwich / Salad) and VLZX7K2M9QD4T_rule ('Black Sheep' in item -> vegetarian); no real meat in the modifications"
VLZX7K2M9QD4T,Black Sheep Salad,Dressings On Side,FALSE,TRUE,FALSE,FALSE,"Black Sheep is a plant-based mock lamb: correct_manual.py OVERRIDE (VLZX7K2M9QD4T, Black Sheep Sandwich / Salad) and VLZX7K2M9QD4T_rule ('Black Sheep' in item -> vegetarian); no real meat in the modifications"
VLZX7K2M9QD4T,Black Sheep Salad,"Dressings On Side, Add Black Sheep Lamb (Served On The Side)",FALSE,TRUE,FALSE,FALSE,"Black Sheep is a plant-based mock lamb: correct_manual.py OVERRIDE (VLZX7K2M9QD4T, Black Sheep Sandwich / Salad) and VLZX7K2M9QD4T_rule ('Black Sheep' in item -> vegetarian); no real meat in the modifications"
VLZX7K2M9QD4T,Black Sheep Salad,"Dressings On Side, Add Pita",FALSE,TRUE,FALSE,FALSE,"Black Sheep is a plant-based mock lamb: correct_manual.py OVERRIDE (VLZX7K2M9QD4T, Black Sheep Sandwich / Salad) and VLZX7K2M9QD4T_rule ('Black Sheep' in item -> vegetarian); no real meat in the modifications"
VLZX7K2M9QD4T,Black Sheep Salad,"Dressings On Side, Add Sweet Potato (Served On The Side)",FALSE,TRUE,FALSE,FALSE,"Black Sheep is a plant-based mock lamb: correct_manual.py OVERRIDE (VLZX7K2M9QD4T, Black Sheep Sandwich / Salad) and VLZX7K2M9QD4T_rule ('Black Sheep' in item -> vegetarian); no real meat in the modifications"
VLZX7K2M9QD4T,Black Sheep Salad,"Dressings On Side, Add Sweet Potato (Served On The Side), Greek Style",FALSE,TRUE,FALSE,FALSE,"Black Sheep is a plant-based mock lamb: correct_manual.py OVERRIDE (VLZX7K2M9QD4T, Black Sheep Sandwich / Salad) and VLZX7K2M9QD4T_rule ('Black Sheep' in item -> vegetarian); no real meat in the modifications"
VLZX7K2M9QD4T,Black Sheep Salad,"Dressings On Side, Add Sweet Potato (Served On The Side), Side Hot Sauce",FALSE,TRUE,FALSE,FALSE,"Black Sheep is a plant-based mock lamb: correct_manual.py OVERRIDE (VLZX7K2M9QD4T, Black Sheep Sandwich / Salad) and VLZX7K2M9QD4T_rule ('Black Sheep' in item -> vegetarian); no real meat in the modifications"
VLZX7K2M9QD4T,Black Sheep Salad,"Dressings On Side, Cheese On Side",FALSE,TRUE,FALSE,FALSE,"Black Sheep is a plant-based mock lamb: correct_manual.py OVERRIDE (VLZX7K2M9QD4T, Black Sheep Sandwich / Salad) and VLZX7K2M9QD4T_rule ('Black Sheep' in item -> vegetarian); no real meat in the modifications"
VLZX7K2M9QD4T,Black Sheep Salad,"Dressings On Side, Cheese On Side, Greek Style",FALSE,TRUE,FALSE,FALSE,"Black Sheep is a plant-based mock lamb: correct_manual.py OVERRIDE (VLZX7K2M9QD4T, Black Sheep Sandwich / Salad) and VLZX7K2M9QD4T_rule ('Black Sheep' in item -> vegetarian); no real meat in the modifications"
VLZX7K2M9QD4T,Black Sheep Salad,"Dressings On Side, Greek Style",FALSE,TRUE,FALSE,FALSE,"Black Sheep is a plant-based mock lamb: correct_manual.py OVERRIDE (VLZX7K2M9QD4T, Black Sheep Sandwich / Salad) and VLZX7K2M9QD4T_rule ('Black Sheep' in item -> vegetarian); no real meat in the modifications"
VLZX7K2M9QD4T,Black Sheep Salad,"Dressings On Side, Greek Style, Side Hot Sauce",FALSE,TRUE,FALSE,FALSE,"Black Sheep is a plant-based mock lamb: correct_manual.py OVERRIDE (VLZX7K2M9QD4T, Black Sheep Sandwich / Salad) and VLZX7K2M9QD4T_rule ('Black Sheep' in item -> vegetarian); no real meat in the modifications"
VLZX7K2M9QD4T,Black Sheep Salad,"Dressings On Side, Kale Only, No Onion, Greek Style, Side Hot Sauce",FALSE,TRUE,FALSE,FALSE,"Black Sheep is a plant-based mock lamb: correct_manual.py OVERRIDE (VLZX7K2M9QD4T, Black Sheep Sandwich / Salad) and VLZX7K2M9QD4T_rule ('Black Sheep' in item -> vegetarian); no real meat in the modifications"
VLZX7K2M9QD4T,Black Sheep Salad,"Dressings On Side, Lite (Less) Yogurt",FALSE,TRUE,FALSE,FALSE,"Black Sheep is a plant-based mock lamb: correct_manual.py OVERRIDE (VLZX7K2M9QD4T, Black Sheep Sandwich / Salad) and VLZX7K2M9QD4T_rule ('Black Sheep' in item -> vegetarian); no real meat in the modifications"
VLZX7K2M9QD4T,Black Sheep Salad,"Dressings On Side, No Cheese",FALSE,TRUE,FALSE,FALSE,"Black Sheep is a plant-based mock lamb: correct_manual.py OVERRIDE (VLZX7K2M9QD4T, Black Sheep Sandwich / Salad) and VLZX7K2M9QD4T_rule ('Black Sheep' in item -> vegetarian); no real meat in the modifications"
VLZX7K2M9QD4T,Black Sheep Salad,"Dressings On Side, No Cheese, Add Pita",FALSE,TRUE,FALSE,FALSE,"Black Sheep is a plant-based mock lamb: correct_manual.py OVERRIDE (VLZX7K2M9QD4T, Black Sheep Sandwich / Salad) and VLZX7K2M9QD4T_rule ('Black Sheep' in item -> vegetarian); no real meat in the modifications"
VLZX7K2M9QD4T,Black Sheep Salad,"Dressings On Side, No Cheese, Add Pita, Greek Style",FALSE,TRUE,FALSE,FALSE,"Black Sheep is a plant-based mock lamb: correct_manual.py OVERRIDE (VLZX7K2M9QD4T, Black Sheep Sandwich / Salad) and VLZX7K2M9QD4T_rule ('Black Sheep' in item -> vegetarian); no real meat in the modifications"
VLZX7K2M9QD4T,Black Sheep Salad,"Dressings On Side, No Cheese, Greek Style",FALSE,TRUE,FALSE,FALSE,"Black Sheep is a plant-based mock lamb: correct_manual.py OVERRIDE (VLZX7K2M9QD4T, Black Sheep Sandwich / Salad) and VLZX7K2M9QD4T_rule ('Black Sheep' in item -> vegetarian); no real meat in the modifications"
VLZX7K2M9QD4T,Black Sheep Salad,"Dressings On Side, No Onion",FALSE,TRUE,FALSE,FALSE,"Black Sheep is a plant-based mock lamb: correct_manual.py OVERRIDE (VLZX7K2M9QD4T, Black Sheep Sandwich / Salad) and VLZX7K2M9QD4T_rule ('Black Sheep' in item -> vegetarian); no real meat in the modifications"
VLZX7K2M9QD4T,Black Sheep Salad,"Dressings On Side, No Onion, Add Sweet Potato (Served On The Side), No Olives",FALSE,TRUE,FALSE,FALSE,"Black Sheep is a plant-based mock lamb: correct_manual.py OVERRIDE (VLZX7K2M9QD4T, Black Sheep Sandwich / Salad) and VLZX7K2M9QD4T_rule ('Black Sheep' in item -> vegetarian); no real meat in the modifications"
VLZX7K2M9QD4T,Black Sheep Salad,"Dressings On Side, No Onion, Cheese On Side",FALSE,TRUE,FALSE,FALSE,"Black Sheep is a plant-based mock lamb: correct_manual.py OVERRIDE (VLZX7K2M9QD4T, Black Sheep Sandwich / Salad) and VLZX7K2M9QD4T_rule ('Black Sheep' in item -> vegetarian); no real meat in the modifications"
VLZX7K2M9QD4T,Black Sheep Salad,"Dressings On Side, No Yogurt Dressing (Olive Oil Only)",FALSE,TRUE,FALSE,FALSE,"Black Sheep is a plant-based mock lamb: correct_manual.py OVERRIDE (VLZX7K2M9QD4T, Black Sheep Sandwich / Salad) and VLZX7K2M9QD4T_rule ('Black Sheep' in item -> vegetarian); no real meat in the modifications"
VLZX7K2M9QD4T,Black Sheep Salad,"Dressings On Side, No Yogurt Dressing (Olive Oil Only), Side Hot Sauce",FALSE,TRUE,FALSE,FALSE,"Black Sheep is a plant-based mock lamb: correct_manual.py OVERRIDE (VLZX7K2M9QD4T, Black Sheep Sandwich / Salad) and VLZX7K2M9QD4T_rule ('Black Sheep' in item -> vegetarian); no real meat in the modifications"
VLZX7K2M9QD4T,Black Sheep Salad,"Dressings On Side, Side Hot Sauce",FALSE,TRUE,FALSE,FALSE,"Black Sheep is a plant-based mock lamb: correct_manual.py OVERRIDE (VLZX7K2M9QD4T, Black Sheep Sandwich / Salad) and VLZX7K2M9QD4T_rule ('Black Sheep' in item -> vegetarian); no real meat in the modifications"
VLZX7K2M9QD4T,Black Sheep Salad,"Dressings On Side, Side Hot Sauce, Greek Style",FALSE,TRUE,FALSE,FALSE,"Black Sheep is a plant-based mock lamb: correct_manual.py OVERRIDE (VLZX7K2M9QD4T, Black Sheep Sandwich / Salad) and VLZX7K2M9QD4T_rule ('Black Sheep' in item -> vegetarian); no real meat in the modifications"
VLZX7K2M9QD4T,Black Sheep Salad,Dry (No Dressing),FALSE,TRUE,FALSE,FALSE,"Black Sheep is a plant-based mock lamb: correct_manual.py OVERRIDE (VLZX7K2M9QD4T, Black Sheep Sandwich / Salad) and VLZX7K2M9QD4T_rule ('Black Sheep' in item -> vegetarian); no real meat in the modifications"
VLZX7K2M9QD4T,Black Sheep Salad,"Dry (No Dressing), Greek Style",FALSE,TRUE,FALSE,FALSE,"Black Sheep is a plant-based mock lamb: correct_manual.py OVERRIDE (VLZX7K2M9QD4T, Black Sheep Sandwich / Salad) and VLZX7K2M9QD4T_rule ('Black Sheep' in item -> vegetarian); no real meat in the modifications"
VLZX7K2M9QD4T,Black Sheep Salad,"Dry (No Dressing), No Cheese",TRUE,TRUE,FALSE,FALSE,"Black Sheep is a plant-based mock lamb: correct_manual.py OVERRIDE (VLZX7K2M9QD4T, Black Sheep Sandwich / Salad) and VLZX7K2M9QD4T_rule ('Black Sheep' in item -> vegetarian); no real meat in the modifications"
VLZX7K2M9QD4T,Black Sheep Salad,"Dry (No Dressing), Side Hot Sauce",FALSE,TRUE,FALSE,FALSE,"Black Sheep is a plant-based mock lamb: correct_manual.py OVERRIDE (VLZX7K2M9QD4T, Black Sheep Sandwich / Salad) and VLZX7K2M9QD4T_rule ('Black Sheep' in item -> vegetarian); no real meat in the modifications"
VLZX7K2M9QD4T,Black Sheep Salad,Greek Style,FALSE,TRUE,FALSE,FALSE,"Black Sheep is a plant-based mock lamb: correct_manual.py OVERRIDE (VLZX7K2M9QD4T, Black Sheep Sandwich / Salad) and VLZX7K2M9QD4T_rule ('Black Sheep' in item -> vegetarian); no real meat in the modifications"
VLZX7K2M9QD4T,Black Sheep Salad,"Greek Style, No Cucumber",FALSE,TRUE,FALSE,FALSE,"Black Sheep is a plant-based mock lamb: correct_manual.py OVERRIDE (VLZX7K2M9QD4T, Black Sheep Sandwich / Salad) and VLZX7K2M9QD4T_rule ('Black Sheep' in item -> vegetarian); no real meat in the modifications"
VLZX7K2M9QD4T,Black Sheep Salad,"Greek Style, No Pea Shoots",FALSE,TRUE,FALSE,FALSE,"Black Sheep is a plant-based mock lamb: correct_manual.py OVERRIDE (VLZX7K2M9QD4T, Black Sheep Sandwich / Salad) and VLZX7K2M9QD4T_rule ('Black Sheep' in item -> vegetarian); no real meat in the modifications"
VLZX7K2M9QD4T,Black Sheep Salad,"Greek Style, Side Hot Sauce",FALSE,TRUE,FALSE,FALSE,"Black Sheep is a plant-based mock lamb: correct_manual.py OVERRIDE (VLZX7K2M9QD4T, Black Sheep Sandwich / Salad) and VLZX7K2M9QD4T_rule ('Black Sheep' in item -> vegetarian); no real meat in the modifications"
VLZX7K2M9QD4T,Black Sheep Salad,"Greek Style, Split Cut In Half",FALSE,TRUE,FALSE,FALSE,"Black Sheep is a plant-based mock lamb: correct_manual.py OVERRIDE (VLZX7K2M9QD4T, Black Sheep Sandwich / Salad) and VLZX7K2M9QD4T_rule ('Black Sheep' in item -> vegetarian); no real meat in the modifications"
VLZX7K2M9QD4T,Black Sheep Salad,Kale Only,FALSE,TRUE,FALSE,FALSE,"Black Sheep is a plant-based mock lamb: correct_manual.py OVERRIDE (VLZX7K2M9QD4T, Black Sheep Sandwich / Salad) and VLZX7K2M9QD4T_rule ('Black Sheep' in item -> vegetarian); no real meat in the modifications"
VLZX7K2M9QD4T,Black Sheep Salad,"Kale Only, Add Pita",FALSE,TRUE,FALSE,FALSE,"Black Sheep is a plant-based mock lamb: correct_manual.py OVERRIDE (VLZX7K2M9QD4T, Black Sheep Sandwich / Salad) and VLZX7K2M9QD4T_rule ('Black Sheep' in item -> vegetarian); no real meat in the modifications"
VLZX7K2M9QD4T,Black Sheep Salad,"Kale Only, Add Pita, Dressings On Side",FALSE,TRUE,FALSE,FALSE,"Black Sheep is a plant-based mock lamb: correct_manual.py OVERRIDE (VLZX7K2M9QD4T, Black Sheep Sandwich / Salad) and VLZX7K2M9QD4T_rule ('Black Sheep' in item -> vegetarian); no real meat in the modifications"
VLZX7K2M9QD4T,Black Sheep Salad,"Kale Only, Add Pita, Dressings On Side, Greek Style",FALSE,TRUE,FALSE,FALSE,"Black Sheep is a plant-based mock lamb: correct_manual.py OVERRIDE (VLZX7K2M9QD4T, Black Sheep Sandwich / Salad) and VLZX7K2M9QD4T_rule ('Black Sheep' in item -> vegetarian); no real meat in the modifications"
VLZX7K2M9QD4T,Black Sheep Salad,"Kale Only, Add Pita, Greek Style",FALSE,TRUE,FALSE,FALSE,"Black Sheep is a plant-based mock lamb: correct_manual.py OVERRIDE (VLZX7K2M9QD4T, Black Sheep Sandwich / Salad) and VLZX7K2M9QD4T_rule ('Black Sheep' in item -> vegetarian); no real meat in the modifications"
VLZX7K2M9QD4T,Black Sheep Salad,"Kale Only, Add Sweet Potato (Served On The Side)",FALSE,TRUE,FALSE,FALSE,"Black Sheep is a plant-based mock lamb: correct_manual.py OVERRIDE (VLZX7K2M9QD4T, Black Sheep Sandwich / Salad) and VLZX7K2M9QD4T_rule ('Black Sheep' in item -> vegetarian); no real meat in the modifications"
VLZX7K2M9QD4T,Black Sheep Salad,"Kale Only, Dressings On Side",FALSE,TRUE,FALSE,FALSE,"Black Sheep is a plant-based mock lamb: correct_manual.py OVERRIDE (VLZX7K2M9QD4T, Black Sheep Sandwich / Salad) and VLZX7K2M9QD4T_rule ('Black Sheep' in item -> vegetarian); no real meat in the modifications"
VLZX7K2M9QD4T,Black Sheep Salad,"Kale Only, Dressings On Side, Add Sweet Potato (Served On The Side)",FALSE,TRUE,FALSE,FALSE,"Black Sheep is a plant-based mock lamb: correct_manual.py OVERRIDE (VLZX7K2M9QD4T, Black Sheep Sandwich / Salad) and VLZX7K2M9QD4T_rule ('Black Sheep' in item -> vegetarian); no real meat in the modifications"
VLZX7K2M9QD4T,Black Sheep Salad,"Kale Only, Dressings On Side, Greek Style",FALSE,TRUE,FALSE,FALSE,"Black Sheep is a plant-based mock lamb: correct_manual.py OVERRIDE (VLZX7K2M9QD4T, Black Sheep Sandwich / Salad) and VLZX7K2M9QD4T_rule ('Black Sheep' in item -> vegetarian); no real meat in the modifications"
VLZX7K2M9QD4T,Black Sheep Salad,"Kale Only, Dressings On Side, Greek Style, Side Hot Sauce",FALSE,TRUE,FALSE,FALSE,"Black Sheep is a plant-based mock lamb: correct_manual.py OVERRIDE (VLZX7K2M9QD4T, Black Sheep Sandwich / Salad) and VLZX7K2M9QD4T_rule ('Black Sheep' in item -> vegetarian); no real meat in the modifications"
VLZX7K2M9QD4T,Black Sheep Salad,"Kale Only, Dressings On Side, Side Hot Sauce",FALSE,TRUE,FALSE,FALSE,"Black Sheep is a plant-based mock lamb: correct_manual.py OVERRIDE (VLZX7K2M9QD4T, Black Sheep Sandwich / Salad) and VLZX7K2M9QD4T_rule ('Black Sheep' in item -> vegetarian); no real meat in the modifications"
VLZX7K2M9QD4T,Black Sheep Salad,"Kale Only, Dressings On Side, Side Hot Sauce, Greek Style",FALSE,TRUE,FALSE,FALSE,"Black Sheep is a plant-based mock lamb: correct_manual.py OVERRIDE (VLZX7K2M9QD4T, Black Sheep Sandwich / Salad) and VLZX7K2M9QD4T_rule ('Black Sheep' in item -> vegetarian); no real meat in the modifications"
VLZX7K2M9QD4T,Black Sheep Salad,"Kale Only, Dry (No Dressing)",FALSE,TRUE,FALSE,FALSE,"Black Sheep is a plant-based mock lamb: correct_manual.py OVERRIDE (VLZX7K2M9QD4T, Black Sheep Sandwich / Salad) and VLZX7K2M9QD4T_rule ('Black Sheep' in item -> vegetarian); no real meat in the modifications"
VLZX7K2M9QD4T,Black Sheep Salad,"Kale Only, Greek Style",FALSE,TRUE,FALSE,FALSE,"Black Sheep is a plant-based mock lamb: correct_manual.py OVERRIDE (VLZX7K2M9QD4T, Black Sheep Sandwich / Salad) and VLZX7K2M9QD4T_rule ('Black Sheep' in item -> vegetarian); no real meat in the modifications"
VLZX7K2M9QD4T,Black Sheep Salad,"Kale Only, Greek Style, Side Hot Sauce",FALSE,TRUE,FALSE,FALSE,"Black Sheep is a plant-based mock lamb: correct_manual.py OVERRIDE (VLZX7K2M9QD4T, Black Sheep Sandwich / Salad) and VLZX7K2M9QD4T_rule ('Black Sheep' in item -> vegetarian); no real meat in the modifications"
VLZX7K2M9QD4T,Black Sheep Salad,"Kale Only, Lite (Less) Yogurt",FALSE,TRUE,FALSE,FALSE,"Black Sheep is a plant-based mock lamb: correct_manual.py OVERRIDE (VLZX7K2M9QD4T, Black Sheep Sandwich / Salad) and VLZX7K2M9QD4T_rule ('Black Sheep' in item -> vegetarian); no real meat in the modifications"
VLZX7K2M9QD4T,Black Sheep Salad,"Kale Only, Lite (Less) Yogurt, Greek Style",FALSE,TRUE,FALSE,FALSE,"Black Sheep is a plant-based mock lamb: correct_manual.py OVERRIDE (VLZX7K2M9QD4T, Black Sheep Sandwich / Salad) and VLZX7K2M9QD4T_rule ('Black Sheep' in item -> vegetarian); no real meat in the modifications"
VLZX7K2M9QD4T,Black Sheep Salad,"Kale Only, Lite (Less) Yogurt, Side Hot Sauce",FALSE,TRUE,FALSE,FALSE,"Black Sheep is a plant-based mock lamb: correct_manual.py OVERRIDE (VLZX7K2M9QD4T, Black Sheep Sandwich / Salad) and VLZX7K2M9QD4T_rule ('Black Sheep' in item -> vegetarian); no real meat in the modifications"
VLZX7K2M9QD4T,Black Sheep Salad,"Kale Only, No Onion",FALSE,TRUE,FALSE,FALSE,"Black Sheep is a plant-based mock lamb: correct_manual.py OVERRIDE (VLZX7K2M9QD4T, Black Sheep Sandwich / Salad) and VLZX7K2M9QD4T_rule ('Black Sheep' in item -> vegetarian); no real meat in the modifications"
VLZX7K2M9QD4T,Black Sheep Salad,"Kale Only, No Onion, Side Hot Sauce",FALSE,TRUE,FALSE,FALSE,"Black Sheep is a plant-based mock lamb: correct_manual.py OVERRIDE (VLZX7K2M9QD4T, Black Sheep Sandwich / Salad) and VLZX7K2M9QD4T_rule ('Black Sheep' in item -> vegetarian); no real meat in the modifications"
VLZX7K2M9QD4T,Black Sheep Salad,"Kale Only, No Yogurt Dressing (Olive Oil Only)",FALSE,TRUE,FALSE,FALSE,"Black Sheep is a plant-based mock lamb: correct_manual.py OVERRIDE (VLZX7K2M9QD4T, Black Sheep Sandwich / Salad) and VLZX7K2M9QD4T_rule ('Black Sheep' in item -> vegetarian); no real meat in the modifications"
VLZX7K2M9QD4T,Black Sheep Salad,"Kale Only, Side Hot Sauce",FALSE,TRUE,FALSE,FALSE,"Black Sheep is a plant-based mock lamb: correct_manual.py OVERRIDE (VLZX7K2M9QD4T, Black Sheep Sandwich / Salad) and VLZX7K2M9QD4T_rule ('Black Sheep' in item -> vegetarian); no real meat in the modifications"
VLZX7K2M9QD4T,Black Sheep Salad,"Kale Only, Side Hot Sauce, Greek Style",FALSE,TRUE,FALSE,FALSE,"Black Sheep is a plant-based mock lamb: correct_manual.py OVERRIDE (VLZX7K2M9QD4T, Black Sheep Sandwich / Salad) and VLZX7K2M9QD4T_rule ('Black Sheep' in item -> vegetarian); no real meat in the modifications"
VLZX7K2M9QD4T,Black Sheep Salad,Lite (Less) Yogurt,FALSE,TRUE,FALSE,FALSE,"Black Sheep is a plant-based mock lamb: correct_manual.py OVERRIDE (VLZX7K2M9QD4T, Black Sheep Sandwich / Salad) and VLZX7K2M9QD4T_rule ('Black Sheep' in item -> vegetarian); no real meat in the modifications"
VLZX7K2M9QD4T,Black Sheep Salad,"Lite (Less) Yogurt, Add Pita",FALSE,TRUE,FALSE,FALSE,"Black Sheep is a plant-based mock lamb: correct_manual.py OVERRIDE (VLZX7K2M9QD4T, Black Sheep Sandwich / Salad) and VLZX7K2M9QD4T_rule ('Black Sheep' in item -> vegetarian); no real meat in the modifications"
VLZX7K2M9QD4T,Black Sheep Salad,"Lite (Less) Yogurt, Add Sweet Potato (Served On The Side)",FALSE,TRUE,FALSE,FALSE,"Black Sheep is a plant-based mock lamb: correct_manual.py OVERRIDE (VLZX7K2M9QD4T, Black Sheep Sandwich / Salad) and VLZX7K2M9QD4T_rule ('Black Sheep' in item -> vegetarian); no real meat in the modifications"
VLZX7K2M9QD4T,Black Sheep Salad,"Lite (Less) Yogurt, Dressings On Side",FALSE,TRUE,FALSE,FALSE,"Black Sheep is a plant-based mock lamb: correct_manual.py OVERRIDE (VLZX7K2M9QD4T, Black Sheep Sandwich / Salad) and VLZX7K2M9QD4T_rule ('Black Sheep' in item -> vegetarian); no real meat in the modifications"
VLZX7K2M9QD4T,Black Sheep Salad,"Lite (Less) Yogurt, Dressings On Side, Add Black Sheep Lamb (Served On The Side)",FALSE,TRUE,FALSE,FALSE,"Black Sheep is a plant-based mock lamb: correct_manual.py OVERRIDE (VLZX7K2M9QD4T, Black Sheep Sandwich / Salad) and VLZX7K2M9QD4T_rule ('Black Sheep' in item -> vegetarian); no real meat in the modifications"
VLZX7K2M9QD4T,Black Sheep Salad,"Lite (Less) Yogurt, Dressings On Side, No Yogurt Dressing (Olive Oil Only)",FALSE,TRUE,FALSE,FALSE,"Black Sheep is a plant-based mock lamb: correct_manual.py OVERRIDE (VLZX7K2M9QD4T, Black Sheep Sandwich / Salad) and VLZX7K2M9QD4T_rule ('Black Sheep' in item -> vegetarian); no real meat in the modifications"
VLZX7K2M9QD4T,Black Sheep Salad,"Lite (Less) Yogurt, Dressings On Side, Side Hot Sauce",FALSE,TRUE,FALSE,FALSE,"Black Sheep is a plant-based mock lamb: correct_manual.py OVERRIDE (VLZX7K2M9QD4T, Black Sheep Sandwich / Salad) and VLZX7K2M9QD4T_rule ('Black Sheep' in item -> vegetarian); no real meat in the modifications"
VLZX7K2M9QD4T,Black Sheep Salad,"Lite (Less) Yogurt, Dressings On Side, Side Hot Sauce, Greek Style",FALSE,TRUE,FALSE,FALSE,"Black Sheep is a plant-based mock lamb: correct_manual.py OVERRIDE (VLZX7K2M9QD4T, Black Sheep Sandwich / Salad) and VLZX7K2M9QD4T_rule ('Black Sheep' in item -> vegetarian); no real meat in the modifications"
VLZX7K2M9QD4T,Black Sheep Salad,"Lite (Less) Yogurt, Greek Style",FALSE,TRUE,FALSE,FALSE,"Black Sheep is a plant-based mock lamb: correct_manual.py OVERRIDE (VLZX7K2M9QD4T, Black Sheep Sandwich / Salad) and VLZX7K2M9QD4T_rule ('Black Sheep' in item -> vegetarian); no real meat in the modifications"
VLZX7K2M9QD4T,Black Sheep Salad,"Lite (Less) Yogurt, Greek Style, Side Hot Sauce",FALSE,TRUE,FALSE,FALSE,"Black Sheep is a plant-based mock lamb: correct_manual.py OVERRIDE (VLZX7K2M9QD4T, Black Sheep Sandwich / Salad) and VLZX7K2M9QD4T_rule ('Black Sheep' in item -> vegetarian); no real meat in the modifications"
VLZX7K2M9QD4T,Black Sheep Salad,"Lite (Less) Yogurt, No Cheese",FALSE,TRUE,FALSE,FALSE,"Black Sheep is a plant-based mock lamb: correct_manual.py OVERRIDE (VLZX7K2M9QD4T, Black Sheep Sandwich / Salad) and VLZX7K2M9QD4T_rule ('Black Sheep' in item -> vegetarian); no real meat in the modifications"
VLZX7K2M9QD4T,Black Sheep Salad,"Lite (Less) Yogurt, No Onion",FALSE,TRUE,FALSE,FALSE,"Black Sheep is a plant-based mock lamb: correct_manual.py OVERRIDE (VLZX7K2M9QD4T, Black Sheep Sandwich / Salad) and VLZX7K2M9QD4T_rule ('Black Sheep' in item -> vegetarian); no real meat in the modifications"
VLZX7K2M9QD4T,Black Sheep Salad,"Lite (Less) Yogurt, Romaine Only, Greek Style",FALSE,TRUE,FALSE,FALSE,"Black Sheep is a plant-based mock lamb: correct_manual.py OVERRIDE (VLZX7K2M9QD4T, Black Sheep Sandwich / Salad) and VLZX7K2M9QD4T_rule ('Black Sheep' in item -> vegetarian); no real meat in the modifications"
VLZX7K2M9QD4T,Black Sheep Salad,"Lite (Less) Yogurt, Romaine Only, No Cheese",FALSE,TRUE,FALSE,FALSE,"Black Sheep is a plant-based mock lamb: correct_manual.py OVERRIDE (VLZX7K2M9QD4T, Black Sheep Sandwich / Salad) and VLZX7K2M9QD4T_rule ('Black Sheep' in item -> vegetarian); no real meat in the modifications"
VLZX7K2M9QD4T,Black Sheep Salad,"Lite (Less) Yogurt, Romaine Only, No Cheese, Greek Style",FALSE,TRUE,FALSE,FALSE,"Black Sheep is a plant-based mock lamb: correct_manual.py OVERRIDE (VLZX7K2M9QD4T, Black Sheep Sandwich / Salad) and VLZX7K2M9QD4T_rule ('Black Sheep' in item -> vegetarian); no real meat in the modifications"
VLZX7K2M9QD4T,Black Sheep Salad,"Lite (Less) Yogurt, Romaine Only, No Cheese, No Pea Shoots",FALSE,TRUE,FALSE,FALSE,"Black Sheep is a plant-based mock lamb: correct_manual.py OVERRIDE (VLZX7K2M9QD4T, Black Sheep Sandwich / Salad) and VLZX7K2M9QD4T_rule ('Black Sheep' in item -> vegetarian); no real meat in the modifications"
VLZX7K2M9QD4T,Black Sheep Salad,"Lite (Less) Yogurt, Side Hot Sauce",FALSE,TRUE,FALSE,FALSE,"Black Sheep is a plant-based mock lamb: correct_manual.py OVERRIDE (VLZX7K2M9QD4T, Black Sheep Sandwich / Salad) and VLZX7K2M9QD4T_rule ('Black Sheep' in item -> vegetarian); no real meat in the modifications"
VLZX7K2M9QD4T,Black Sheep Salad,"Lite (Less) Yogurt, Side Hot Sauce, Greek Style",FALSE,TRUE,FALSE,FALSE,"Black Sheep is a plant-based mock lamb: correct_manual.py OVERRIDE (VLZX7K2M9QD4T, Black Sheep Sandwich / Salad) and VLZX7K2M9QD4T_rule ('Black Sheep' in item -> vegetarian); no real meat in the modifications"
VLZX7K2M9QD4T,Black Sheep Salad,No Cheese,FALSE,TRUE,FALSE,FALSE,"Black Sheep is a plant-based mock lamb: correct_manual.py OVERRIDE (VLZX7K2M9QD4T, Black Sheep Sandwich / Salad) and VLZX7K2M9QD4T_rule ('Black Sheep' in item -> vegetarian); no real meat in the modifications"
VLZX7K2M9QD4T,Black Sheep Salad,"No Cheese, Add Pita, Dressings On Side",FALSE,TRUE,FALSE,FALSE,"Black Sheep is a plant-based mock lamb: correct_manual.py OVERRIDE (VLZX7K2M9QD4T, Black Sheep Sandwich / Salad) and VLZX7K2M9QD4T_rule ('Black Sheep' in item -> vegetarian); no real meat in the modifications"
VLZX7K2M9QD4T,Black Sheep Salad,"No Cheese, Add Pita, Dressings On Side, Side Hot Sauce, Add Sweet Potato (Served On The Side)",FALSE,TRUE,FALSE,FALSE,"Black Sheep is a plant-based mock lamb: correct_manual.py OVERRIDE (VLZX7K2M9QD4T, Black Sheep Sandwich / Salad) and VLZX7K2M9QD4T_rule ('Black Sheep' in item -> vegetarian); no real meat in the modifications"
VLZX7K2M9QD4T,Black Sheep Salad,"No Cheese, Add Pita, Dry (No Dressing)",TRUE,TRUE,FALSE,FALSE,"Black Sheep is a plant-based mock lamb: correct_manual.py OVERRIDE (VLZX7K2M9QD4T, Black Sheep Sandwich / Salad) and VLZX7K2M9QD4T_rule ('Black Sheep' in item -> vegetarian); no real meat in the modifications"
VLZX7K2M9QD4T,Black Sheep Salad,"No Cheese, Add Pita, Greek Style",FALSE,TRUE,FALSE,FALSE,"Black Sheep is a plant-based mock lamb: correct_manual.py OVERRIDE (VLZX7K2M9QD4T, Black Sheep Sandwich / Salad) and VLZX7K2M9QD4T_rule ('Black Sheep' in item -> vegetarian); no real meat in the modifications"
VLZX7K2M9QD4T,Black Sheep Salad,"No Cheese, Add Pita, No Yogurt Dressing (Olive Oil Only)",TRUE,TRUE,FALSE,FALSE,"Black Sheep is a plant-based mock lamb: correct_manual.py OVERRIDE (VLZX7K2M9QD4T, Black Sheep Sandwich / Salad) and VLZX7K2M9QD4T_rule ('Black Sheep' in item -> vegetarian); no real meat in the modifications"
VLZX7K2M9QD4T,Black Sheep Salad,"No Cheese, Add Pita, No Yogurt Dressing (Olive Oil Only), Add Sweet Potato (Served On The Side)",TRUE,TRUE,FALSE,FALSE,"Black Sheep is a plant-based mock lamb: correct_manual.py OVERRIDE (VLZX7K2M9QD4T, Black Sheep Sandwich / Salad) and VLZX7K2M9QD4T_rule ('Black Sheep' in item -> vegetarian); no real meat in the modifications"
VLZX7K2M9QD4T,Black Sheep Salad,"No Cheese, Add Pita, No Yogurt Dressing (Olive Oil Only), Greek Style, Side Hot Sauce",TRUE,TRUE,FALSE,FALSE,"Black Sheep is a plant-based mock lamb: correct_manual.py OVERRIDE (VLZX7K2M9QD4T, Black Sheep Sandwich / Salad) and VLZX7K2M9QD4T_rule ('Black Sheep' in item -> vegetarian); no real meat in the modifications"
VLZX7K2M9QD4T,Black Sheep Salad,"No Cheese, Add Pita, No Yogurt Dressing (Olive Oil Only), Side Hot Sauce",TRUE,TRUE,FALSE,FALSE,"Black Sheep is a plant-based mock lamb: correct_manual.py OVERRIDE (VLZX7K2M9QD4T, Black Sheep Sandwich / Salad) and VLZX7K2M9QD4T_rule ('Black Sheep' in item -> vegetarian); no real meat in the modifications"
VLZX7K2M9QD4T,Black Sheep Salad,"No Cheese, Add Sweet Potato (Served On The Side)",FALSE,TRUE,FALSE,FALSE,"Black Sheep is a plant-based mock lamb: correct_manual.py OVERRIDE (VLZX7K2M9QD4T, Black Sheep Sandwich / Salad) and VLZX7K2M9QD4T_rule ('Black Sheep' in item -> vegetarian); no real meat in the modifications"
VLZX7K2M9QD4T,Black Sheep Salad,"No Cheese, Dressings On Side",FALSE,TRUE,FALSE,FALSE,"Black Sheep is a plant-based mock lamb: correct_manual.py OVERRIDE (VLZX7K2M9QD4T, Black Sheep Sandwich / Salad) and VLZX7K2M9QD4T_rule ('Black Sheep' in item -> vegetarian); no real meat in the modifications"
VLZX7K2M9QD4T,Black Sheep Salad,"No Cheese, Dressings On Side, Add Sweet Potato (Served On The Side)",FALSE,TRUE,FALSE,FALSE,"Black Sheep is a plant-based mock lamb: correct_manual.py OVERRIDE (VLZX7K2M9QD4T, Black Sheep Sandwich / Salad) and VLZX7K2M9QD4T_rule ('Black Sheep' in item -> vegetarian); no real meat in the modifications"
VLZX7K2M9QD4T,Black Sheep Salad,"No Cheese, Dressings On Side, Add Sweet Potato (Served On The Side), Side Hot Sauce",FALSE,TRUE,FALSE,FALSE,"Black Sheep is a plant-based mock lamb: correct_manual.py OVERRIDE (VLZX7K2M9QD4T, Black Sheep Sandwich / Salad) and VLZX7K2M9QD4T_rule ('Black Sheep' in item -> vegetarian); no real meat in the modifications"
VLZX7K2M9QD4T,Black Sheep Salad,"No Cheese, Dressings On Side, Greek Style",FALSE,TRUE,FALSE,FALSE,"Black Sheep is a plant-based mock lamb: correct_manual.py OVERRIDE (VLZX7K2M9QD4T, Black Sheep Sandwich / Salad) and VLZX7K2M9QD4T_rule ('Black Sheep' in item -> vegetarian); no real meat in the modifications"
VLZX7K2M9QD4T,Black Sheep Salad,"No Cheese, Dressings On Side, No Yogurt Dressing (Olive Oil Only)",TRUE,TRUE,FALSE,FALSE,"Black Sheep is a plant-based mock lamb: correct_manual.py OVERRIDE (VLZX7K2M9QD4T, Black Sheep Sandwich / Salad) and VLZX7K2M9QD4T_rule ('Black Sheep' in item -> vegetarian); no real meat in the modifications"
VLZX7K2M9QD4T,Black Sheep Salad,"No Cheese, Dressings On Side, No Yogurt Dressing (Olive Oil Only), Greek Style",TRUE,TRUE,FALSE,FALSE,"Black Sheep is a plant-based mock lamb: correct_manual.py OVERRIDE (VLZX7K2M9QD4T, Black Sheep Sandwich / Salad) and VLZX7K2M9QD4T_rule ('Black Sheep' in item -> vegetarian); no real meat in the modifications"
VLZX7K2M9QD4T,Black Sheep Salad,"No Cheese, Dressings On Side, No Yogurt Dressing (Olive Oil Only), Side Hot Sauce, Greek Style",TRUE,TRUE,FALSE,FALSE,"Black Sheep is a plant-based mock lamb: correct_manual.py OVERRIDE (VLZX7K2M9QD4T, Black Sheep Sandwich / Salad) and VLZX7K2M9QD4T_rule ('Black Sheep' in item -> vegetarian); no real meat in the modifications"
VLZX7K2M9QD4T,Black Sheep Salad,"No Cheese, Dressings On Side, Side Hot Sauce",FALSE,TRUE,FALSE,FALSE,"Black Sheep is a plant-based mock lamb: correct_manual.py OVERRIDE (VLZX7K2M9QD4T, Black Sheep Sandwich / Salad) and VLZX7K2M9QD4T_rule ('Black Sheep' in item -> vegetarian); no real meat in the modifications"
VLZX7K2M9QD4T,Black Sheep Salad,"No Cheese, Dressings On Side, Side Hot Sauce, Greek Style",FALSE,TRUE,FALSE,FALSE,"Black Sheep is a plant-based mock lamb: correct_manual.py OVERRIDE (VLZX7K2M9QD4T, Black Sheep Sandwich / Salad) and VLZX7K2M9QD4T_rule ('Black Sheep' in item -> vegetarian); no real meat in the modifications"
VLZX7K2M9QD4T,Black Sheep Salad,"No Cheese, Dry (No Dressing)",TRUE,TRUE,FALSE,FALSE,"Black Sheep is a plant-based mock lamb: correct_manual.py OVERRIDE (VLZX7K2M9QD4T, Black Sheep Sandwich / Salad) and VLZX7K2M9QD4T_rule ('Black Sheep' in item -> vegetarian); no real meat in the modifications"
VLZX7K2M9QD4T,Black Sheep Salad,"No Cheese, Dry (No Dressing), Add Sweet Potato (Served On The Side), Add Black Sheep Lamb (Served On The Side)",FALSE,TRUE,FALSE,FALSE,"Black Sheep is a plant-based mock lamb: correct_manual.py OVERRIDE (VLZX7K2M9QD4T, Black Sheep Sandwich / Salad) and VLZX7K2M9QD4T_rule ('Black Sheep' in item -> vegetarian); no real meat in the modifications"
VLZX7K2M9QD4T,Black Sheep Salad,"No Cheese, Dry (No Dressing), Dressings On Side",TRUE,TRUE,FALSE,FALSE,"Black Sheep is a plant-based mock lamb: correct_manual.py OVERRIDE (VLZX7K2M9QD4T, Black Sheep Sandwich / Salad) and VLZX7K2M9QD4T_rule ('Black Sheep' in item -> vegetarian); no real meat in the modifications"
VLZX7K2M9QD4T,Black Sheep Salad,"No Cheese, Dry (No Dressing), Side Hot Sauce",TRUE,TRUE,FALSE,FALSE,"Black Sheep is a plant-based mock lamb: correct_manual.py OVERRIDE (VLZX7K2M9QD4T, Black Sheep Sandwich / Salad) and VLZX7K2M9QD4T_rule ('Black Sheep' in item -> vegetarian); no real meat in the modifications"
VLZX7K2M9QD4T,Black Sheep Salad,"No Cheese, Greek Style",FALSE,TRUE,FALSE,FALSE,"Black Sheep is a plant-based mock lamb: correct_manual.py OVERRIDE (VLZX7K2M9QD4T, Black Sheep Sandwich / Salad) and VLZX7K2M9QD4T_rule ('Black Sheep' in item -> vegetarian); no real meat in the modifications"
VLZX7K2M9QD4T,Black Sheep Salad,"No Cheese, Kale Only",FALSE,TRUE,FALSE,FALSE,"Black Sheep is a plant-based mock lamb: correct_manual.py OVERRIDE (VLZX7K2M9QD4T, Black Sheep Sandwich / Salad) and VLZX7K2M9QD4T_rule ('Black Sheep' in item -> vegetarian); no real meat in the modifications"
VLZX7K2M9QD4T,Black Sheep Salad,"No Cheese, Kale Only, Dressings On Side, No Yogurt Dressing (Olive Oil Only)",TRUE,TRUE,FALSE,FALSE,"Black Sheep is a plant-based mock lamb: correct_manual.py OVERRIDE (VLZX7K2M9QD4T, Black Sheep Sandwich / Salad) and VLZX7K2M9QD4T_rule ('Black Sheep' in item -> vegetarian); no real meat in the modifications"
VLZX7K2M9QD4T,Black Sheep Salad,"No Cheese, Kale Only, Lite (Less) Yogurt, Side Hot Sauce, Greek Style",FALSE,TRUE,FALSE,FALSE,"Black Sheep is a plant-based mock lamb: correct_manual.py OVERRIDE (VLZX7K2M9QD4T, Black Sheep Sandwich / Salad) and VLZX7K2M9QD4T_rule ('Black Sheep' in item -> vegetarian); no real meat in the modifications"
VLZX7K2M9QD4T,Black Sheep Salad,"No Cheese, Kale Only, No Yogurt Dressing (Olive Oil Only)",TRUE,TRUE,FALSE,FALSE,"Black Sheep is a plant-based mock lamb: correct_manual.py OVERRIDE (VLZX7K2M9QD4T, Black Sheep Sandwich / Salad) and VLZX7K2M9QD4T_rule ('Black Sheep' in item -> vegetarian); no real meat in the modifications"
VLZX7K2M9QD4T,Black Sheep Salad,"No Cheese, Kale Only, No Yogurt Dressing (Olive Oil Only), Add Black Sheep Lamb (Served On The Side), Add Sweet Potato (Served On The Side)",FALSE,TRUE,FALSE,FALSE,"Black Sheep is a plant-based mock lamb: correct_manual.py OVERRIDE (VLZX7K2M9QD4T, Black Sheep Sandwich / Salad) and VLZX7K2M9QD4T_rule ('Black Sheep' in item -> vegetarian); no real meat in the modifications"
VLZX7K2M9QD4T,Black Sheep Salad,"No Cheese, Kale Only, No Yogurt Dressing (Olive Oil Only), Greek Style",TRUE,TRUE,FALSE,FALSE,"Black Sheep is a plant-based mock lamb: correct_manual.py OVERRIDE (VLZX7K2M9QD4T, Black Sheep Sandwich / Salad) and VLZX7K2M9QD4T_rule ('Black Sheep' in item -> vegetarian); no real meat in the modifications"
VLZX7K2M9QD4T,Black Sheep Salad,"No Cheese, Lite (Less) Yogurt",FALSE,TRUE,FALSE,FALSE,"Black Sheep is a plant-based mock lamb: correct_manual.py OVERRIDE (VLZX7K2M9QD4T, Black Sheep Sandwich / Salad) and VLZX7K2M9QD4T_rule ('Black Sheep' in item -> vegetarian); no real meat in the modifications"
VLZX7K2M9QD4T,Black Sheep Salad,"No Cheese, Lite (Less) Yogurt, Add Black Sheep Lamb (Served On The Side)",FALSE,TRUE,FALSE,FALSE,"Black Sheep is a plant-based mock lamb: correct_manual.py OVERRIDE (VLZX7K2M9QD4T, Black Sheep Sandwich / Salad) and VLZX7K2M9QD4T_rule ('Black Sheep' in item -> vegetarian); no real meat in the modifications"
VLZX7K2M9QD4T,Black Sheep Salad,"No Cheese, Lite (Less) Yogurt, Add Sweet Potato (Served On The Side), Side Hot Sauce",FALSE,TRUE,FALSE,FALSE,"Black Sheep is a plant-based mock lamb: correct_manual.py OVERRIDE (VLZX7K2M9QD4T, Black Sheep Sandwich / Salad) and VLZX7K2M9QD4T_rule ('Black Sheep' in item -> vegetarian); no real meat in the modifications"
VLZX7K2M9QD4T,Black Sheep Salad,"No Cheese, Lite (Less) Yogurt, Dressings On Side",FALSE,TRUE,FALSE,FALSE,"Black Sheep is a plant-based mock lamb: correct_manual.py OVERRIDE (VLZX7K2M9QD4T, Black Sheep Sandwich / Salad) and VLZX7K2M9QD4T_rule ('Black Sheep' in item -> vegetarian); no real meat in the modifications"
VLZX7K2M9QD4T,Black Sheep Salad,"No Cheese, Lite (Less) Yogurt, Dressings On Side, Greek Style",FALSE,TRUE,FALSE,FALSE,"Black Sheep is a plant-based mock lamb: correct_manual.py OVERRIDE (VLZX7K2M9QD4T, Black Sheep Sandwich / Salad) and VLZX7K2M9QD4T_rule ('Black Sheep' in item -> vegetarian); no real meat in the modifications"
VLZX7K2M9QD4T,Black Sheep Salad,"No Cheese, Lite (Less) Yogurt, Dressings On Side, No Yogurt Dressing (Olive Oil Only)",TRUE,TRUE,FALSE,FALSE,"Black Sheep is a plant-based mock lamb: correct_manual.py OVERRIDE (VLZX7K2M9QD4T, Black Sheep Sandwich / Salad) and VLZX7K2M9QD4T_rule ('Black Sheep' in item -> vegetarian); no real meat in the modifications"
VLZX7K2M9QD4T,Black Sheep Salad,"No Cheese, Lite (Less) Yogurt, Dressings On Side, Side Hot Sauce",FALSE,TRUE,FALSE,FALSE,"Black Sheep is a plant-based mock lamb: correct_manual.py OVERRIDE (VLZX7K2M9QD4T, Black Sheep Sandwich / Salad) and VLZX7K2M9QD4T_rule ('Black Sheep' in item -> vegetarian); no real meat in the modifications"
VLZX7K2M9QD4T,Black Sheep Salad,"No Cheese, Lite (Less) Yogurt, Greek Style",FALSE,TRUE,FALSE,FALSE,"Black Sheep is a plant-based mock lamb: correct_manual.py OVERRIDE (VLZX7K2M9QD4T, Black Sheep Sandwich / Salad) and VLZX7K2M9QD4T_rule ('Black Sheep' in item -> vegetarian); no real meat in the modifications"
VLZX7K2M9QD4T,Black Sheep Salad,"No Cheese, No Onion, Dressings On Side",FALSE,TRUE,FALSE,FALSE,"Black Sheep is a plant-based mock lamb: correct_manual.py OVERRIDE (VLZX7K2M9QD4T, Black Sheep Sandwich / Salad) and VLZX7K2M9QD4T_rule ('Black Sheep' in item -> vegetarian); no real meat in the modifications"
VLZX7K2M9QD4T,Black Sheep Salad,"No Cheese, No Onion, Greek Style",FALSE,TRUE,FALSE,FALSE,"Black Sheep is a plant-based mock lamb: correct_manual.py OVERRIDE (VLZX7K2M9QD4T, Black Sheep Sandwich / Salad) and VLZX7K2M9QD4T_rule ('Black Sheep' in item -> vegetarian); no real meat in the modifications"
VLZX7K2M9QD4T,Black Sheep Salad,"No Cheese, No Onion, No Yogurt Dressing (Olive Oil Only)",TRUE,TRUE,FALSE,FALSE,"Black Sheep is a plant-based mock lamb: correct_manual.py OVERRIDE (VLZX7K2M9QD4T, Black Sheep Sandwich / Salad) and VLZX7K2M9QD4T_rule ('Black Sheep' in item -> vegetarian); no real meat in the modifications"
VLZX7K2M9QD4T,Black Sheep Salad,"No Cheese, No Onion, No Yogurt Dressing (Olive Oil Only), Side Hot Sauce",TRUE,TRUE,FALSE,FALSE,"Black Sheep is a plant-based mock lamb: correct_manual.py OVERRIDE (VLZX7K2M9QD4T, Black Sheep Sandwich / Salad) and VLZX7K2M9QD4T_rule ('Black Sheep' in item -> vegetarian); no real meat in the modifications"
VLZX7K2M9QD4T,Black Sheep Salad,"No Cheese, No Walnuts, No Pea Shoots",FALSE,TRUE,FALSE,FALSE,"Black Sheep is a plant-based mock lamb: correct_manual.py OVERRIDE (VLZX7K2M9QD4T, Black Sheep Sandwich / Salad) and VLZX7K2M9QD4T_rule ('Black Sheep' in item -> vegetarian); no real meat in the modifications"
VLZX7K2M9QD4T,Black Sheep Salad,"No Cheese, No Yogurt Dressing (Olive Oil Only)",TRUE,TRUE,FALSE,FALSE,"Black Sheep is a plant-based mock lamb: correct_manual.py OVERRIDE (VLZX7K2M9QD4T, Black Sheep Sandwich / Salad) and VLZX7K2M9QD4T_rule ('Black Sheep' in item -> vegetarian); no real meat in the modifications"
VLZX7K2M9QD4T,Black Sheep Salad,"No Cheese, No Yogurt Dressing (Olive Oil Only), Add Black Sheep Lamb (Served On The Side)",FALSE,TRUE,FALSE,FALSE,"Black Sheep is a plant-based mock lamb: correct_manual.py OVERRIDE (VLZX7K2M9QD4T, Black Sheep Sandwich / Salad) and VLZX7K2M9QD4T_rule ('Black Sheep' in item -> vegetarian); no real meat in the modifications"
VLZX7K2M9QD4T,Black Sheep Salad,"No Cheese, No Yogurt Dressing (Olive Oil Only), Add Sweet Potato (Served On The Side)",TRUE,TRUE,FALSE,FALSE,"Black Sheep is a plant-based mock lamb: correct_manual.py OVERRIDE (VLZX7K2M9QD4T, Black Sheep Sandwich / Salad) and VLZX7K2M9QD4T_rule ('Black Sheep' in item -> vegetarian); no real meat in the modifications"
VLZX7K2M9QD4T,Black Sheep Salad,"No Cheese, No Yogurt Dressing (Olive Oil Only), Add Sweet Potato (Served On The Side), Side Hot Sauce",TRUE,TRUE,FALSE,FALSE,"Black Sheep is a plant-based mock lamb: correct_manual.py OVERRIDE (VLZX7K2M9QD4T, Black Sheep Sandwich / Salad) and VLZX7K2M9QD4T_rule ('Black Sheep' in item -> vegetarian); no real meat in the modifications"
VLZX7K2M9QD4T,Black Sheep Salad,"No Cheese, No Yogurt Dressing (Olive Oil Only), Dressings On Side, Greek Style",TRUE,TRUE,FALSE,FALSE,"Black Sheep is a plant-based mock lamb: correct_manual.py OVERRIDE (VLZX7K2M9QD4T, Black Sheep Sandwich / Salad) and VLZX7K2M9QD4T_rule ('Black Sheep' in item -> vegetarian); no real meat in the modifications"
VLZX7K2M9QD4T,Black Sheep Salad,"No Cheese, No Yogurt Dressing (Olive Oil Only), Greek Style",TRUE,TRUE,FALSE,FALSE,"Black Sheep is a plant-based mock lamb: correct_manual.py OVERRIDE (VLZX7K2M9QD4T, Black Sheep Sandwich / Salad) and VLZX7K2M9QD4T_rule ('Black Sheep' in item -> vegetarian); no real meat in the modifications"
VLZX7K2M9QD4T,Black Sheep Salad,"No Cheese, No Yogurt Dressing (Olive Oil Only), Greek Style, Side Hot Sauce",TRUE,TRUE,FALSE,FALSE,"Black Sheep is a plant-based mock lamb: correct_manual.py OVERRIDE (VLZX7K2M9QD4T, Black Sheep Sandwich / Salad) and VLZX7K2M9QD4T_rule ('Black Sheep' in item -> vegetarian); no real meat in the modifications"
VLZX7K2M9QD4T,Black Sheep Salad,"No Cheese, No Yogurt Dressing (Olive Oil Only), Side Hot Sauce",TRUE,TRUE,FALSE,FALSE,"Black Sheep is a plant-based mock lamb: correct_manual.py OVERRIDE (VLZX7K2M9QD4T, Black Sheep Sandwich / Salad) and VLZX7K2M9QD4T_rule ('Black Sheep' in item -> vegetarian); no real meat in the modifications"
VLZX7K2M9QD4T,Black Sheep Salad,"No Cheese, No Yogurt Dressing (Olive Oil Only), Side Hot Sauce, Greek Style",TRUE,TRUE,FALSE,FALSE,"Black Sheep is a plant-based mock lamb: correct_manual.py OVERRIDE (VLZX7K2M9QD4T, Black Sheep Sandwich / Salad) and VLZX7K2M9QD4T_rule ('Black Sheep' in item -> vegetarian); no real meat in the modifications"
VLZX7K2M9QD4T,Black Sheep Salad,"No Cheese, Romaine Only",FALSE,TRUE,FALSE,FALSE,"Black Sheep is a plant-based mock lamb: correct_manual.py OVERRIDE (VLZX7K2M9QD4T, Black Sheep Sandwich / Salad) and VLZX7K2M9QD4T_rule ('Black Sheep' in item -> vegetarian); no real meat in the modifications"
VLZX7K2M9QD4T,Black Sheep Salad,"No Cheese, Romaine Only, No Yogurt Dressing (Olive Oil Only)",TRUE,TRUE,FALSE,FALSE,"Black Sheep is a plant-based mock lamb: correct_manual.py OVERRIDE (VLZX7K2M9QD4T, Black Sheep Sandwich / Salad) and VLZX7K2M9QD4T_rule ('Black Sheep' in item -> vegetarian); no real meat in the modifications"
VLZX7K2M9QD4T,Black Sheep Salad,"No Cheese, Side Hot Sauce",FALSE,TRUE,FALSE,FALSE,"Black Sheep is a plant-based mock lamb: correct_manual.py OVERRIDE (VLZX7K2M9QD4T, Black Sheep Sandwich / Salad) and VLZX7K2M9QD4T_rule ('Black Sheep' in item -> vegetarian); no real meat in the modifications"
VLZX7K2M9QD4T,Black Sheep Salad,"No Cheese, Side Hot Sauce, Greek Style",FALSE,TRUE,FALSE,FALSE,"Black Sheep is a plant-based mock lamb: correct_manual.py OVERRIDE (VLZX7K2M9QD4T, Black Sheep Sandwich / Salad) and VLZX7K2M9QD4T_rule ('Black Sheep' in item -> vegetarian); no real meat in the modifications"
VLZX7K2M9QD4T,Black Sheep Salad,"No Cheese, Veg Set Up",FALSE,TRUE,FALSE,FALSE,"Black Sheep is a plant-based mock lamb: correct_manual.py OVERRIDE (VLZX7K2M9QD4T, Black Sheep Sandwich / Salad) and VLZX7K2M9QD4T_rule ('Black Sheep' in item -> vegetarian); no real meat in the modifications"
VLZX7K2M9QD4T,Black Sheep Salad,No Cucumber,FALSE,TRUE,FALSE,FALSE,"Black Sheep is a plant-based mock lamb: correct_manual.py OVERRIDE (VLZX7K2M9QD4T, Black Sheep Sandwich / Salad) and VLZX7K2M9QD4T_rule ('Black Sheep' in item -> vegetarian); no real meat in the modifications"
VLZX7K2M9QD4T,Black Sheep Salad,No Onion,FALSE,TRUE,FALSE,FALSE,"Black Sheep is a plant-based mock lamb: correct_manual.py OVERRIDE (VLZX7K2M9QD4T, Black Sheep Sandwich / Salad) and VLZX7K2M9QD4T_rule ('Black Sheep' in item -> vegetarian); no real meat in the modifications"
VLZX7K2M9QD4T,Black Sheep Salad,"No Onion, Add Black Sheep Lamb (Served On The Side)",FALSE,TRUE,FALSE,FALSE,"Black Sheep is a plant-based mock lamb: correct_manual.py OVERRIDE (VLZX7K2M9QD4T, Black Sheep Sandwich / Salad) and VLZX7K2M9QD4T_rule ('Black Sheep' in item -> vegetarian); no real meat in the modifications"
VLZX7K2M9QD4T,Black Sheep Salad,"No Onion, Add Pita",FALSE,TRUE,FALSE,FALSE,"Black Sheep is a plant-based mock lamb: correct_manual.py OVERRIDE (VLZX7K2M9QD4T, Black Sheep Sandwich / Salad) and VLZX7K2M9QD4T_rule ('Black Sheep' in item -> vegetarian); no real meat in the modifications"
VLZX7K2M9QD4T,Black Sheep Salad,"No Onion, Add Pita, Add Black Sheep Lamb (Served On The Side)",FALSE,TRUE,FALSE,FALSE,"Black Sheep is a plant-based mock lamb: correct_manual.py OVERRIDE (VLZX7K2M9QD4T, Black Sheep Sandwich / Salad) and VLZX7K2M9QD4T_rule ('Black Sheep' in item -> vegetarian); no real meat in the modifications"
VLZX7K2M9QD4T,Black Sheep Salad,"No Onion, Add Pita, Greek Style",FALSE,TRUE,FALSE,FALSE,"Black Sheep is a plant-based mock lamb: correct_manual.py OVERRIDE (VLZX7K2M9QD4T, Black Sheep Sandwich / Salad) and VLZX7K2M9QD4T_rule ('Black Sheep' in item -> vegetarian); no real meat in the modifications"
VLZX7K2M9QD4T,Black Sheep Salad,"No Onion, Cheese On Side, Greek Style, Add Sweet Potato (Served On The Side)",FALSE,TRUE,FALSE,FALSE,"Black Sheep is a plant-based mock lamb: correct_manual.py OVERRIDE (VLZX7K2M9QD4T, Black Sheep Sandwich / Salad) and VLZX7K2M9QD4T_rule ('Black Sheep' in item -> vegetarian); no real meat in the modifications"
VLZX7K2M9QD4T,Black Sheep Salad,"No Onion, Dressings On Side",FALSE,TRUE,FALSE,FALSE,"Black Sheep is a plant-based mock lamb: correct_manual.py OVERRIDE (VLZX7K2M9QD4T, Black Sheep Sandwich / Salad) and VLZX7K2M9QD4T_rule ('Black Sheep' in item -> vegetarian); no real meat in the modifications"
VLZX7K2M9QD4T,Black Sheep Salad,"No Onion, Dressings On Side, Add Black Sheep Lamb (Served On The Side), Side Hot Sauce",FALSE,TRUE,FALSE,FALSE,"Black Sheep is a plant-based mock lamb: correct_manual.py OVERRIDE (VLZX7K2M9QD4T, Black Sheep Sandwich / Salad) and VLZX7K2M9QD4T_rule ('Black Sheep' in item -> vegetarian); no real meat in the modifications"
VLZX7K2M9QD4T,Black Sheep Salad,"No Onion, Dressings On Side, Add Sweet Potato (Served On The Side)",FALSE,TRUE,FALSE,FALSE,"Black Sheep is a plant-based mock lamb: correct_manual.py OVERRIDE (VLZX7K2M9QD4T, Black Sheep Sandwich / Salad) and VLZX7K2M9QD4T_rule ('Black Sheep' in item -> vegetarian); no real meat in the modifications"
VLZX7K2M9QD4T,Black Sheep Salad,"No Onion, Dressings On Side, Greek Style",FALSE,TRUE,FALSE,FALSE,"Black Sheep is a plant-based mock lamb: correct_manual.py OVERRIDE (VLZX7K2M9QD4T, Black Sheep Sandwich / Salad) and VLZX7K2M9QD4T_rule ('Black Sheep' in item -> vegetarian); no real meat in the modifications"
VLZX7K2M9QD4T,Black Sheep Salad,"No Onion, Dressings On Side, No Yogurt Dressing (Olive Oil Only)",FALSE,TRUE,FALSE,FALSE,"Black Sheep is a plant-based mock lamb: correct_manual.py OVERRIDE (VLZX7K2M9QD4T, Black Sheep Sandwich / Salad) and VLZX7K2M9QD4T_rule ('Black Sheep' in item -> vegetarian); no real meat in the modifications"
VLZX7K2M9QD4T,Black Sheep Salad,"No Onion, Dressings On Side, Side Hot Sauce",FALSE,TRUE,FALSE,FALSE,"Black Sheep is a plant-based mock lamb: correct_manual.py OVERRIDE (VLZX7K2M9QD4T, Black Sheep Sandwich / Salad) and VLZX7K2M9QD4T_rule ('Black Sheep' in item -> vegetarian); no real meat in the modifications"
VLZX7K2M9QD4T,Black Sheep Salad,"No Onion, Dressings On Side, Side Hot Sauce, Greek Style",FALSE,TRUE,FALSE,FALSE,"Black Sheep is a plant-based mock lamb: correct_manual.py OVERRIDE (VLZX7K2M9QD4T, Black Sheep Sandwich / Salad) and VLZX7K2M9QD4T_rule ('Black Sheep' in item -> vegetarian); no real meat in the modifications"
VLZX7K2M9QD4T,Black Sheep Salad,"No Onion, Dry (No Dressing)",FALSE,TRUE,FALSE,FALSE,"Black Sheep is a plant-based mock lamb: correct_manual.py OVERRIDE (VLZX7K2M9QD4T, Black Sheep Sandwich / Salad) and VLZX7K2M9QD4T_rule ('Black Sheep' in item -> vegetarian); no real meat in the modifications"
VLZX7K2M9QD4T,Black Sheep Salad,"No Onion, Dry (No Dressing), Add Sweet Potato (Served On The Side)",FALSE,TRUE,FALSE,FALSE,"Black Sheep is a plant-based mock lamb: correct_manual.py OVERRIDE (VLZX7K2M9QD4T, Black Sheep Sandwich / Salad) and VLZX7K2M9QD4T_rule ('Black Sheep' in item -> vegetarian); no real meat in the modifications"
VLZX7K2M9QD4T,Black Sheep Salad,"No Onion, Dry (No Dressing), Side Hot Sauce, Greek Style",TRUE,TRUE,FALSE,FALSE,"Black Sheep is a plant-based mock lamb: correct_manual.py OVERRIDE (VLZX7K2M9QD4T, Black Sheep Sandwich / Salad) and VLZX7K2M9QD4T_rule ('Black Sheep' in item -> vegetarian); no real meat in the modifications"
VLZX7K2M9QD4T,Black Sheep Salad,"No Onion, Greek Style",FALSE,TRUE,FALSE,FALSE,"Black Sheep is a plant-based mock lamb: correct_manual.py OVERRIDE (VLZX7K2M9QD4T, Black Sheep Sandwich / Salad) and VLZX7K2M9QD4T_rule ('Black Sheep' in item -> vegetarian); no real meat in the modifications"
VLZX7K2M9QD4T,Black Sheep Salad,"No Onion, Kale Only",FALSE,TRUE,FALSE,FALSE,"Black Sheep is a plant-based mock lamb: correct_manual.py OVERRIDE (VLZX7K2M9QD4T, Black Sheep Sandwich / Salad) and VLZX7K2M9QD4T_rule ('Black Sheep' in item -> vegetarian); no real meat in the modifications"
VLZX7K2M9QD4T,Black Sheep Salad,"No Onion, Kale Only, Dressings On Side",FALSE,TRUE,FALSE,FALSE,"Black Sheep is a plant-based mock lamb: correct_manual.py OVERRIDE (VLZX7K2M9QD4T, Black Sheep Sandwich / Salad) and VLZX7K2M9QD4T_rule ('Black Sheep' in item -> vegetarian); no real meat in the modifications"
VLZX7K2M9QD4T,Black Sheep Salad,"No Onion, Kale Only, No Yogurt Dressing (Olive Oil Only), Greek Style",FALSE,TRUE,FALSE,FALSE,"Black Sheep is a plant-based mock lamb: correct_manual.py OVERRIDE (VLZX7K2M9QD4T, Black Sheep Sandwich / Salad) and VLZX7K2M9QD4T_rule ('Black Sheep' in item -> vegetarian); no real meat in the modifications"
VLZX7K2M9QD4T,Black Sheep Salad,"No Onion, Kale Only, Side Hot Sauce",FALSE,TRUE,FALSE,FALSE,"Black Sheep is a plant-based mock lamb: correct_manual.py OVERRIDE (VLZX7K2M9QD4T, Black Sheep Sandwich / Salad) and VLZX7K2M9QD4T_rule ('Black Sheep' in item -> vegetarian); no real meat in the modifications"
VLZX7K2M9QD4T,Black Sheep Salad,"No Onion, Lite (Less) Yogurt",FALSE,TRUE,FALSE,FALSE,"Black Sheep is a plant-based mock lamb: correct_manual.py OVERRIDE (VLZX7K2M9QD4T, Black Sheep Sandwich / Salad) and VLZX7K2M9QD4T_rule ('Black Sheep' in item -> vegetarian); no real meat in the modifications"
VLZX7K2M9QD4T,Black Sheep Salad,"No Onion, Lite (Less) Yogurt, Greek Style",FALSE,TRUE,FALSE,FALSE,"Black Sheep is a plant-based mock lamb: correct_manual.py OVERRIDE (VLZX7K2M9QD4T, Black Sheep Sandwich / Salad) and VLZX7K2M9QD4T_rule ('Black Sheep' in item -> vegetarian); no real meat in the modifications"
VLZX7K2M9QD4T,Black Sheep Salad,"No Onion, Lite (Less) Yogurt, Side Hot Sauce",FALSE,TRUE,FALSE,FALSE,"Black Sheep is a plant-based mock lamb: correct_manual.py OVERRIDE (VLZX7K2M9QD4T, Black Sheep Sandwich / Salad) and VLZX7K2M9QD4T_rule ('Black Sheep' in item -> vegetarian); no real meat in the modifications"
VLZX7K2M9QD4T,Black Sheep Salad,"No Onion, No Cheese, Dressings On Side",FALSE,TRUE,FALSE,FALSE,"Black Sheep is a plant-based mock lamb: correct_manual.py OVERRIDE (VLZX7K2M9QD4T, Black Sheep Sandwich / Salad) and VLZX7K2M9QD4T_rule ('Black Sheep' in item -> vegetarian); no real meat in the modifications"
VLZX7K2M9QD4T,Black Sheep Salad,"No Onion, No Cheese, Dressings On Side, Add Sweet Potato (Served On The Side), Side Hot Sauce",FALSE,TRUE,FALSE,FALSE,"Black Sheep is a plant-based mock lamb: correct_manual.py OVERRIDE (VLZX7K2M9QD4T, Black Sheep Sandwich / Salad) and VLZX7K2M9QD4T_rule ('Black Sheep' in item -> vegetarian); no real meat in the modifications"
VLZX7K2M9QD4T,Black Sheep Salad,"No Onion, No Cheese, Kale Only",FALSE,TRUE,FALSE,FALSE,"Black Sheep is a plant-based mock lamb: correct_manual.py OVERRIDE (VLZX7K2M9QD4T, Black Sheep Sandwich / Salad) and VLZX7K2M9QD4T_rule ('Black Sheep' in item -> vegetarian); no real meat in the modifications"
VLZX7K2M9QD4T,Black Sheep Salad,"No Onion, No Cheese, No Yogurt Dressing (Olive Oil Only)",TRUE,TRUE,FALSE,FALSE,"Black Sheep is a plant-based mock lamb: correct_manual.py OVERRIDE (VLZX7K2M9QD4T, Black Sheep Sandwich / Salad) and VLZX7K2M9QD4T_rule ('Black Sheep' in item -> vegetarian); no real meat in the modifications"
VLZX7K2M9QD4T,Black Sheep Salad,"No Onion, No Cheese, No Yogurt Dressing (Olive Oil Only), Add Sweet Potato (Served On The Side)",TRUE,TRUE,FALSE,FALSE,"Black Sheep is a plant-based mock lamb: correct_manual.py OVERRIDE (VLZX7K2M9QD4T, Black Sheep Sandwich / Salad) and VLZX7K2M9QD4T_rule ('Black Sheep' in item -> vegetarian); no real meat in the modifications"
VLZX7K2M9QD4T,Black Sheep Salad,"No Onion, No Cheese, Romaine Only",FALSE,TRUE,FALSE,FALSE,"Black Sheep is a plant-based mock lamb: correct_manual.py OVERRIDE (VLZX7K2M9QD4T, Black Sheep Sandwich / Salad) and VLZX7K2M9QD4T_rule ('Black Sheep' in item -> vegetarian); no real meat in the modifications"
VLZX7K2M9QD4T,Black Sheep Salad,"No Onion, No Cheese, Romaine Only, No Yogurt Dressing (Olive Oil Only), Greek Style",TRUE,TRUE,FALSE,FALSE,"Black Sheep is a plant-based mock lamb: correct_manual.py OVERRIDE (VLZX7K2M9QD4T, Black Sheep Sandwich / Salad) and VLZX7K2M9QD4T_rule ('Black Sheep' in item -> vegetarian); no real meat in the modifications"
VLZX7K2M9QD4T,Black Sheep Salad,"No Onion, No Yogurt Dressing (Olive Oil Only)",FALSE,TRUE,FALSE,FALSE,"Black Sheep is a plant-based mock lamb: correct_manual.py OVERRIDE (VLZX7K2M9QD4T, Black Sheep Sandwich / Salad) and VLZX7K2M9QD4T_rule ('Black Sheep' in item -> vegetarian); no real meat in the modifications"
VLZX7K2M9QD4T,Black Sheep Salad,"No Onion, Romaine Only",FALSE,TRUE,FALSE,FALSE,"Black Sheep is a plant-based mock lamb: correct_manual.py OVERRIDE (VLZX7K2M9QD4T, Black Sheep Sandwich / Salad) and VLZX7K2M9QD4T_rule ('Black Sheep' in item -> vegetarian); no real meat in the modifications"
VLZX7K2M9QD4T,Black Sheep Salad,"No Onion, Side Hot Sauce",FALSE,TRUE,FALSE,FALSE,"Black Sheep is a plant-based mock lamb: correct_manual.py OVERRIDE (VLZX7K2M9QD4T, Black Sheep Sandwich / Salad) and VLZX7K2M9QD4T_rule ('Black Sheep' in item -> vegetarian); no real meat in the modifications"
VLZX7K2M9QD4T,Black Sheep Salad,No Pea Shoots,FALSE,TRUE,FALSE,FALSE,"Black Sheep is a plant-based mock lamb: correct_manual.py OVERRIDE (VLZX7K2M9QD4T, Black Sheep Sandwich / Salad) and VLZX7K2M9QD4T_rule ('Black Sheep' in item -> vegetarian); no real meat in the modifications"
VLZX7K2M9QD4T,Black Sheep Salad,"No Radish, No Cucumber",FALSE,TRUE,FALSE,FALSE,"Black Sheep is a plant-based mock lamb: correct_manual.py OVERRIDE (VLZX7K2M9QD4T, Black Sheep Sandwich / Salad) and VLZX7K2M9QD4T_rule ('Black Sheep' in item -> vegetarian); no real meat in the modifications"
VLZX7K2M9QD4T,Black Sheep Salad,"No Walnuts, Veg Set Up",FALSE,TRUE,FALSE,FALSE,"Black Sheep is a plant-based mock lamb: correct_manual.py OVERRIDE (VLZX7K2M9QD4T, Black Sheep Sandwich / Salad) and VLZX7K2M9QD4T_rule ('Black Sheep' in item -> vegetarian); no real meat in the modifications"
VLZX7K2M9QD4T,Black Sheep Salad,No Yogurt Dressing (Olive Oil Only),FALSE,TRUE,FALSE,FALSE,"Black Sheep is a plant-based mock lamb: correct_manual.py OVERRIDE (VLZX7K2M9QD4T, Black Sheep Sandwich / Salad) and VLZX7K2M9QD4T_rule ('Black Sheep' in item -> vegetarian); no real meat in the modifications"
VLZX7K2M9QD4T,Black Sheep Salad,"No Yogurt Dressing (Olive Oil Only), Add Black Sheep Lamb (Served On The Side)",FALSE,TRUE,FALSE,FALSE,"Black Sheep is a plant-based mock lamb: correct_manual.py OVERRIDE (VLZX7K2M9QD4T, Black Sheep Sandwich / Salad) and VLZX7K2M9QD4T_rule ('Black Sheep' in item -> vegetarian); no real meat in the modifications"
VLZX7K2M9QD4T,Black Sheep Salad,"No Yogurt Dressing (Olive Oil Only), Cheese On Side, Add Sweet Potato (Served On The Side)",FALSE,TRUE,FALSE,FALSE,"Black Sheep is a plant-based mock lamb: correct_manual.py OVERRIDE (VLZX7K2M9QD4T, Black Sheep Sandwich / Salad) and VLZX7K2M9QD4T_rule ('Black Sheep' in item -> vegetarian); no real meat in the modifications"
VLZX7K2M9QD4T,Black Sheep Salad,"No Yogurt Dressing (Olive Oil Only), Dressings On Side",FALSE,TRUE,FALSE,FALSE,"Black Sheep is a plant-based mock lamb: correct_manual.py OVERRIDE (VLZX7K2M9QD4T, Black Sheep Sandwich / Salad) and VLZX7K2M9QD4T_rule ('Black Sheep' in item -> vegetarian); no real meat in the modifications"
VLZX7K2M9QD4T,Black Sheep Salad,"No Yogurt Dressing (Olive Oil Only), Dressings On Side, Add Sweet Potato (Served On The Side)",FALSE,TRUE,FALSE,FALSE,"Black Sheep is a plant-based mock lamb: correct_manual.py OVERRIDE (VLZX7K2M9QD4T, Black Sheep Sandwich / Salad) and VLZX7K2M9QD4T_rule ('Black Sheep' in item -> vegetarian); no real meat in the modifications"
VLZX7K2M9QD4T,Black Sheep Salad,"No Yogurt Dressing (Olive Oil Only), Dressings On Side, No Cheese",TRUE,TRUE,FALSE,FALSE,"Black Sheep is a plant-based mock lamb: correct_manual.py OVERRIDE (VLZX7K2M9QD4T, Black Sheep Sandwich / Salad) and VLZX7K2M9QD4T_rule ('Black Sheep' in item -> vegetarian); no real meat in the modifications"
VLZX7K2M9QD4T,Black Sheep Salad,"No Yogurt Dressing (Olive Oil Only), Dressings On Side, No Cheese, Greek Style",TRUE,TRUE,FALSE,FALSE,"Black Sheep is a plant-based mock lamb: correct_manual.py OVERRIDE (VLZX7K2M9QD4T, Black Sheep Sandwich / Salad) and VLZX7K2M9QD4T_rule ('Black Sheep' in item -> vegetarian); no real meat in the modifications"
VLZX7K2M9QD4T,Black Sheep Salad,"No Yogurt Dressing (Olive Oil Only), Greek Style",FALSE,TRUE,FALSE,FALSE,"Black Sheep is a plant-based mock lamb: correct_manual.py OVERRIDE (VLZX7K2M9QD4T, Black Sheep Sandwich / Salad) and VLZX7K2M9QD4T_rule ('Black Sheep' in item -> vegetarian); no real meat in the modifications"
VLZX7K2M9QD4T,Black Sheep Salad,"No Yogurt Dressing (Olive Oil Only), Greek Style, Side Hot Sauce",FALSE,TRUE,FALSE,FALSE,"Black Sheep is a plant-based mock lamb: correct_manual.py OVERRIDE (VLZX7K2M9QD4T, Black Sheep Sandwich / Salad) and VLZX7K2M9QD4T_rule ('Black Sheep' in item -> vegetarian); no real meat in the modifications"
VLZX7K2M9QD4T,Black Sheep Salad,"No Yogurt Dressing (Olive Oil Only), No Cheese",TRUE,TRUE,FALSE,FALSE,"Black Sheep is a plant-based mock lamb: correct_manual.py OVERRIDE (VLZX7K2M9QD4T, Black Sheep Sandwich / Salad) and VLZX7K2M9QD4T_rule ('Black Sheep' in item -> vegetarian); no real meat in the modifications"
VLZX7K2M9QD4T,Black Sheep Salad,"No Yogurt Dressing (Olive Oil Only), No Cheese, Add Pita",TRUE,TRUE,FALSE,FALSE,"Black Sheep is a plant-based mock lamb: correct_manual.py OVERRIDE (VLZX7K2M9QD4T, Black Sheep Sandwich / Salad) and VLZX7K2M9QD4T_rule ('Black Sheep' in item -> vegetarian); no real meat in the modifications"
VLZX7K2M9QD4T,Black Sheep Salad,"No Yogurt Dressing (Olive Oil Only), No Cheese, Add Pita, Greek Style",TRUE,TRUE,FALSE,FALSE,"Black Sheep is a plant-based mock lamb: correct_manual.py OVERRIDE (VLZX7K2M9QD4T, Black Sheep Sandwich / Salad) and VLZX7K2M9QD4T_rule ('Black Sheep' in item -> vegetarian); no real meat in the modifications"
VLZX7K2M9QD4T,Black Sheep Salad,"No Yogurt Dressing (Olive Oil Only), No Cheese, Greek Style",TRUE,TRUE,FALSE,FALSE,"Black Sheep is a plant-based mock lamb: correct_manual.py OVERRIDE (VLZX7K2M9QD4T, Black Sheep Sandwich / Salad) and VLZX7K2M9QD4T_rule ('Black Sheep' in item -> vegetarian); no real meat in the modifications"
VLZX7K2M9QD4T,Black Sheep Salad,"No Yogurt Dressing (Olive Oil Only), No Cheese, No Cucumber",TRUE,TRUE,FALSE,FALSE,"Black Sheep is a plant-based mock lamb: correct_manual.py OVERRIDE (VLZX7K2M9QD4T, Black Sheep Sandwich / Salad) and VLZX7K2M9QD4T_rule ('Black Sheep' in item -> vegetarian); no real meat in the modifications"
VLZX7K2M9QD4T,Black Sheep Salad,"No Yogurt Dressing (Olive Oil Only), No Cheese, No Onion",TRUE,TRUE,FALSE,FALSE,"Black Sheep is a plant-based mock lamb: correct_manual.py OVERRIDE (VLZX7K2M9QD4T, Black Sheep Sandwich / Salad) and VLZX7K2M9QD4T_rule ('Black Sheep' in item -> vegetarian); no real meat in the modifications"
VLZX7K2M9QD4T,Black Sheep Salad,"No Yogurt Dressing (Olive Oil Only), No Cheese, Split Cut In Half",TRUE,TRUE,FALSE,FALSE,"Black Sheep is a plant-based mock lamb: correct_manual.py OVERRIDE (VLZX7K2M9QD4T, Black Sheep Sandwich / Salad) and VLZX7K2M9QD4T_rule ('Black Sheep' in item -> vegetarian); no real meat in the modifications"
VLZX7K2M9QD4T,Black Sheep Salad,"No Yogurt Dressing (Olive Oil Only), No Cheese, Veg Set Up",TRUE,TRUE,FALSE,FALSE,"Black Sheep is a plant-based mock lamb: correct_manual.py OVERRIDE (VLZX7K2M9QD4T, Black Sheep Sandwich / Salad) and VLZX7K2M9QD4T_rule ('Black Sheep' in item -> vegetarian); no real meat in the modifications"
VLZX7K2M9QD4T,Black Sheep Salad,"No Yogurt Dressing (Olive Oil Only), No Onion, Greek Style",FALSE,TRUE,FALSE,FALSE,"Black Sheep is a plant-based mock lamb: correct_manual.py OVERRIDE (VLZX7K2M9QD4T, Black Sheep Sandwich / Salad) and VLZX7K2M9QD4T_rule ('Black Sheep' in item -> vegetarian); no real meat in the modifications"
VLZX7K2M9QD4T,Black Sheep Salad,"No Yogurt Dressing (Olive Oil Only), No Onion, Utensils",FALSE,TRUE,FALSE,FALSE,"Black Sheep is a plant-based mock lamb: correct_manual.py OVERRIDE (VLZX7K2M9QD4T, Black Sheep Sandwich / Salad) and VLZX7K2M9QD4T_rule ('Black Sheep' in item -> vegetarian); no real meat in the modifications"
VLZX7K2M9QD4T,Black Sheep Salad,"No Yogurt Dressing (Olive Oil Only), No Onion, Veg Set Up",FALSE,TRUE,FALSE,FALSE,"Black Sheep is a plant-based mock lamb: correct_manual.py OVERRIDE (VLZX7K2M9QD4T, Black Sheep Sandwich / Salad) and VLZX7K2M9QD4T_rule ('Black Sheep' in item -> vegetarian); no real meat in the modifications"
VLZX7K2M9QD4T,Black Sheep Salad,"No Yogurt Dressing (Olive Oil Only), Romaine Only",FALSE,TRUE,FALSE,FALSE,"Black Sheep is a plant-based mock lamb: correct_manual.py OVERRIDE (VLZX7K2M9QD4T, Black Sheep Sandwich / Salad) and VLZX7K2M9QD4T_rule ('Black Sheep' in item -> vegetarian); no real meat in the modifications"
VLZX7K2M9QD4T,Black Sheep Salad,"No Yogurt Dressing (Olive Oil Only), Romaine Only, No Cheese, Greek Style",TRUE,TRUE,FALSE,FALSE,"Black Sheep is a plant-based mock lamb: correct_manual.py OVERRIDE (VLZX7K2M9QD4T, Black Sheep Sandwich / Salad) and VLZX7K2M9QD4T_rule ('Black Sheep' in item -> vegetarian); no real meat in the modifications"
VLZX7K2M9QD4T,Black Sheep Salad,"No Yogurt Dressing (Olive Oil Only), Romaine Only, No Cheese, No Onion",TRUE,TRUE,FALSE,FALSE,"Black Sheep is a plant-based mock lamb: correct_manual.py OVERRIDE (VLZX7K2M9QD4T, Black Sheep Sandwich / Salad) and VLZX7K2M9QD4T_rule ('Black Sheep' in item -> vegetarian); no real meat in the modifications"
VLZX7K2M9QD4T,Black Sheep Salad,"No Yogurt Dressing (Olive Oil Only), Side Hot Sauce",FALSE,TRUE,FALSE,FALSE,"Black Sheep is a plant-based mock lamb: correct_manual.py OVERRIDE (VLZX7K2M9QD4T, Black Sheep Sandwich / Salad) and VLZX7K2M9QD4T_rule ('Black Sheep' in item -> vegetarian); no real meat in the modifications"
VLZX7K2M9QD4T,Black Sheep Salad,"No Yogurt Dressing (Olive Oil Only), Veg Set Up",FALSE,TRUE,FALSE,FALSE,"Black Sheep is a plant-based mock lamb: correct_manual.py OVERRIDE (VLZX7K2M9QD4T, Black Sheep Sandwich / Salad) and VLZX7K2M9QD4T_rule ('Black Sheep' in item -> vegetarian); no real meat in the modifications"
VLZX7K2M9QD4T,Black Sheep Salad,Romaine Only,FALSE,TRUE,FALSE,FALSE,"Black Sheep is a plant-based mock lamb: correct_manual.py OVERRIDE (VLZX7K2M9QD4T, Black Sheep Sandwich / Salad) and VLZX7K2M9QD4T_rule ('Black Sheep' in item -> vegetarian); no real meat in the modifications"
VLZX7K2M9QD4T,Black Sheep Salad,"Romaine Only, Add Pita, Greek Style, Add Black Sheep Lamb (Served On The Side)",FALSE,TRUE,FALSE,FALSE,"Black Sheep is a plant-based mock lamb: correct_manual.py OVERRIDE (VLZX7K2M9QD4T, Black Sheep Sandwich / Salad) and VLZX7K2M9QD4T_rule ('Black Sheep' in item -> vegetarian); no real meat in the modifications"
VLZX7K2M9QD4T,Black Sheep Salad,"Romaine Only, Add Sweet Potato (Served On The Side)",FALSE,TRUE,FALSE,FALSE,"Black Sheep is a plant-based mock lamb: correct_manual.py OVERRIDE (VLZX7K2M9QD4T, Black Sheep Sandwich / Salad) and VLZX7K2M9QD4T_rule ('Black Sheep' in item -> vegetarian); no real meat in the modifications"
VLZX7K2M9QD4T,Black Sheep Salad,"Romaine Only, Cheese On Side, Dressings On Side, Greek Style",FALSE,TRUE,FALSE,FALSE,"Black Sheep is a plant-based mock lamb: correct_manual.py OVERRIDE (VLZX7K2M9QD4T, Black Sheep Sandwich / Salad) and VLZX7K2M9QD4T_rule ('Black Sheep' in item -> vegetarian); no real meat in the modifications"
VLZX7K2M9QD4T,Black Sheep Salad,"Romaine Only, Dressings On Side",FALSE,TRUE,FALSE,FALSE,"Black Sheep is a plant-based mock lamb: correct_manual.py OVERRIDE (VLZX7K2M9QD4T, Black Sheep Sandwich / Salad) and VLZX7K2M9QD4T_rule ('Black Sheep' in item -> vegetarian); no real meat in the modifications"
VLZX7K2M9QD4T,Black Sheep Salad,"Romaine Only, Dressings On Side, Greek Style",FALSE,TRUE,FALSE,FALSE,"Black Sheep is a plant-based mock lamb: correct_manual.py OVERRIDE (VLZX7K2M9QD4T, Black Sheep Sandwich / Salad) and VLZX7K2M9QD4T_rule ('Black Sheep' in item -> vegetarian); no real meat in the modifications"
VLZX7K2M9QD4T,Black Sheep Salad,"Romaine Only, Dressings On Side, Greek Style, Side Hot Sauce",FALSE,TRUE,FALSE,FALSE,"Black Sheep is a plant-based mock lamb: correct_manual.py OVERRIDE (VLZX7K2M9QD4T, Black Sheep Sandwich / Salad) and VLZX7K2M9QD4T_rule ('Black Sheep' in item -> vegetarian); no real meat in the modifications"
VLZX7K2M9QD4T,Black Sheep Salad,"Romaine Only, Dressings On Side, No Yogurt Dressing (Olive Oil Only)",FALSE,TRUE,FALSE,FALSE,"Black Sheep is a plant-based mock lamb: correct_manual.py OVERRIDE (VLZX7K2M9QD4T, Black Sheep Sandwich / Salad) and VLZX7K2M9QD4T_rule ('Black Sheep' in item -> vegetarian); no real meat in the modifications"
VLZX7K2M9QD4T,Black Sheep Salad,"Romaine Only, Dressings On Side, No Yogurt Dressing (Olive Oil Only), Add Black Sheep Lamb (Served On The Side), Add Sweet Potato (Served On The Side)",FALSE,TRUE,FALSE,FALSE,"Black Sheep is a plant-based mock lamb: correct_manual.py OVERRIDE (VLZX7K2M9QD4T, Black Sheep Sandwich / Salad) and VLZX7K2M9QD4T_rule ('Black Sheep' in item -> vegetarian); no real meat in the modifications"
VLZX7K2M9QD4T,Black Sheep Salad,"Romaine Only, Dressings On Side, No Yogurt Dressing (Olive Oil Only), Side Hot Sauce",FALSE,TRUE,FALSE,FALSE,"Black Sheep is a plant-based mock lamb: correct_manual.py OVERRIDE (VLZX7K2M9QD4T, Black Sheep Sandwich / Salad) and VLZX7K2M9QD4T_rule ('Black Sheep' in item -> vegetarian); no real meat in the modifications"
VLZX7K2M9QD4T,Black Sheep Salad,"Romaine Only, Dressings On Side, Side Hot Sauce",FALSE,TRUE,FALSE,FALSE,"Black Sheep is a plant-based mock lamb: correct_manual.py OVERRIDE (VLZX7K2M9QD4T, Black Sheep Sandwich / Salad) and VLZX7K2M9QD4T_rule ('Black Sheep' in item -> vegetarian); no real meat in the modifications"
VLZX7K2M9QD4T,Black Sheep Salad,"Romaine Only, Greek Style",FALSE,TRUE,FALSE,FALSE,"Black Sheep is a plant-based mock lamb: correct_manual.py OVERRIDE (VLZX7K2M9QD4T, Black Sheep Sandwich / Salad) and VLZX7K2M9QD4T_rule ('Black Sheep' in item -> vegetarian); no real meat in the modifications"
VLZX7K2M9QD4T,Black Sheep Salad,"Romaine Only, Greek Style, Side Hot Sauce",FALSE,TRUE,FALSE,FALSE,"Black Sheep is a plant-based mock lamb: correct_manual.py OVERRIDE (VLZX7K2M9QD4T, Black Sheep Sandwich / Salad) and VLZX7K2M9QD4T_rule ('Black Sheep' in item -> vegetarian); no real meat in the modifications"
VLZX7K2M9QD4T,Black Sheep Salad,"Romaine Only, Lite (Less) Yogurt",FALSE,TRUE,FALSE,FALSE,"Black Sheep is a plant-based mock lamb: correct_manual.py OVERRIDE (VLZX7K2M9QD4T, Black Sheep Sandwich / Salad) and VLZX7K2M9QD4T_rule ('Black Sheep' in item -> vegetarian); no real meat in the modifications"
VLZX7K2M9QD4T,Black Sheep Salad,"Romaine Only, Lite (Less) Yogurt, Add Sweet Potato (Served On The Side)",FALSE,TRUE,FALSE,FALSE,"Black Sheep is a plant-based mock lamb: correct_manual.py OVERRIDE (VLZX7K2M9QD4T, Black Sheep Sandwich / Salad) and VLZX7K2M9QD4T_rule ('Black Sheep' in item -> vegetarian); no real meat in the modifications"
VLZX7K2M9QD4T,Black Sheep Salad,"Romaine Only, No Cheese, No Onion, Add Pita, Greek Style",FALSE,TRUE,FALSE,FALSE,"Black Sheep is a plant-based mock lamb: correct_manual.py OVERRIDE (VLZX7K2M9QD4T, Black Sheep Sandwich / Salad) and VLZX7K2M9QD4T_rule ('Black Sheep' in item -> vegetarian); no real meat in the modifications"
VLZX7K2M9QD4T,Black Sheep Salad,"Romaine Only, No Cheese, No Onion, Greek Style",FALSE,TRUE,FALSE,FALSE,"Black Sheep is a plant-based mock lamb: correct_manual.py OVERRIDE (VLZX7K2M9QD4T, Black Sheep Sandwich / Salad) and VLZX7K2M9QD4T_rule ('Black Sheep' in item -> vegetarian); no real meat in the modifications"
VLZX7K2M9QD4T,Black Sheep Salad,"Romaine Only, Side Hot Sauce",FALSE,TRUE,FALSE,FALSE,"Black Sheep is a plant-based mock lamb: correct_manual.py OVERRIDE (VLZX7K2M9QD4T, Black Sheep Sandwich / Salad) and VLZX7K2M9QD4T_rule ('Black Sheep' in item -> vegetarian); no real meat in the modifications"
VLZX7K2M9QD4T,Black Sheep Salad,"Romaine Only, Side Hot Sauce, Greek Style",FALSE,TRUE,FALSE,FALSE,"Black Sheep is a plant-based mock lamb: correct_manual.py OVERRIDE (VLZX7K2M9QD4T, Black Sheep Sandwich / Salad) and VLZX7K2M9QD4T_rule ('Black Sheep' in item -> vegetarian); no real meat in the modifications"
VLZX7K2M9QD4T,Black Sheep Salad,Side Hot Sauce,FALSE,TRUE,FALSE,FALSE,"Black Sheep is a plant-based mock lamb: correct_manual.py OVERRIDE (VLZX7K2M9QD4T, Black Sheep Sandwich / Salad) and VLZX7K2M9QD4T_rule ('Black Sheep' in item -> vegetarian); no real meat in the modifications"
VLZX7K2M9QD4T,Black Sheep Salad,"Side Hot Sauce, Add Sweet Potato (Served On The Side)",FALSE,TRUE,FALSE,FALSE,"Black Sheep is a plant-based mock lamb: correct_manual.py OVERRIDE (VLZX7K2M9QD4T, Black Sheep Sandwich / Salad) and VLZX7K2M9QD4T_rule ('Black Sheep' in item -> vegetarian); no real meat in the modifications"
VLZX7K2M9QD4T,Black Sheep Salad,"Side Hot Sauce, Greek Style",FALSE,TRUE,FALSE,FALSE,"Black Sheep is a plant-based mock lamb: correct_manual.py OVERRIDE (VLZX7K2M9QD4T, Black Sheep Sandwich / Salad) and VLZX7K2M9QD4T_rule ('Black Sheep' in item -> vegetarian); no real meat in the modifications"
VLZX7K2M9QD4T,Black Sheep Salad,Split Cut In Half,FALSE,TRUE,FALSE,FALSE,"Black Sheep is a plant-based mock lamb: correct_manual.py OVERRIDE (VLZX7K2M9QD4T, Black Sheep Sandwich / Salad) and VLZX7K2M9QD4T_rule ('Black Sheep' in item -> vegetarian); no real meat in the modifications"
VLZX7K2M9QD4T,Black Sheep Salad,Veg Set Up,FALSE,TRUE,FALSE,FALSE,"Black Sheep is a plant-based mock lamb: correct_manual.py OVERRIDE (VLZX7K2M9QD4T, Black Sheep Sandwich / Salad) and VLZX7K2M9QD4T_rule ('Black Sheep' in item -> vegetarian); no real meat in the modifications"
VLZX7K2M9QD4T,Black Sheep Sandwich,,FALSE,TRUE,FALSE,FALSE,"Black Sheep is a plant-based mock lamb: correct_manual.py OVERRIDE (VLZX7K2M9QD4T, Black Sheep Sandwich / Salad) and VLZX7K2M9QD4T_rule ('Black Sheep' in item -> vegetarian); no real meat in the modifications"
VLZX7K2M9QD4T,Black Sheep Sandwich,Add Black Sheep Lamb (Served On The Side),FALSE,TRUE,FALSE,FALSE,"Black Sheep is a plant-based mock lamb: correct_manual.py OVERRIDE (VLZX7K2M9QD4T, Black Sheep Sandwich / Salad) and VLZX7K2M9QD4T_rule ('Black Sheep' in item -> vegetarian); no real meat in the modifications"
VLZX7K2M9QD4T,Black Sheep Sandwich,"Add Black Sheep Lamb (Served On The Side), Greek Style",FALSE,TRUE,FALSE,FALSE,"Black Sheep is a plant-based mock lamb: correct_manual.py OVERRIDE (VLZX7K2M9QD4T, Black Sheep Sandwich / Salad) and VLZX7K2M9QD4T_rule ('Black Sheep' in item -> vegetarian); no real meat in the modifications"
VLZX7K2M9QD4T,Black Sheep Sandwich,Add Sweet Potato (Served On The Side),FALSE,TRUE,FALSE,FALSE,"Black Sheep is a plant-based mock lamb: correct_manual.py OVERRIDE (VLZX7K2M9QD4T, Black Sheep Sandwich / Salad) and VLZX7K2M9QD4T_rule ('Black Sheep' in item -> vegetarian); no real meat in the modifications"
VLZX7K2M9QD4T,Black Sheep Sandwich,"Add Sweet Potato (Served On The Side), Greek Style",FALSE,TRUE,FALSE,FALSE,"Black Sheep is a plant-based mock lamb: correct_manual.py OVERRIDE (VLZX7K2M9QD4T, Black Sheep Sandwich / Salad) and VLZX7K2M9QD4T_rule ('Black Sheep' in item -> vegetarian); no real meat in the modifications"
VLZX7K2M9QD4T,Black Sheep Sandwich,"Add Sweet Potato (Served On The Side), Side Hot Sauce",FALSE,TRUE,FALSE,FALSE,"Black Sheep is a plant-based mock lamb: correct_manual.py OVERRIDE (VLZX7K2M9QD4T, Black Sheep Sandwich / Salad) and VLZX7K2M9QD4T_rule ('Black Sheep' in item -> vegetarian); no real meat in the modifications"
VLZX7K2M9QD4T,Black Sheep Sandwich,"Add Sweet Potato (Served On The Side), Side Hot Sauce, Greek Style",FALSE,TRUE,FALSE,FALSE,"Black Sheep is a plant-based mock lamb: correct_manual.py OVERRIDE (VLZX7K2M9QD4T, Black Sheep Sandwich / Salad) and VLZX7K2M9QD4T_rule ('Black Sheep' in item -> vegetarian); no real meat in the modifications"
VLZX7K2M9QD4T,Black Sheep Sandwich,Allergy Alergia,FALSE,TRUE,FALSE,FALSE,"Black Sheep is a plant-based mock lamb: correct_manual.py OVERRIDE (VLZX7K2M9QD4T, Black Sheep Sandwich / Salad) and VLZX7K2M9QD4T_rule ('Black Sheep' in item -> vegetarian); no real meat in the modifications"
VLZX7K2M9QD4T,Black Sheep Sandwich,Cheese On Side,FALSE,TRUE,FALSE,FALSE,"Black Sheep is a plant-based mock lamb: correct_manual.py OVERRIDE (VLZX7K2M9QD4T, Black Sheep Sandwich / Salad) and VLZX7K2M9QD4T_rule ('Black Sheep' in item -> vegetarian); no real meat in the modifications"
VLZX7K2M9QD4T,Black Sheep Sandwich,"Cheese On Side, Greek Style",FALSE,TRUE,FALSE,FALSE,"Black Sheep is a plant-based mock lamb: correct_manual.py OVERRIDE (VLZX7K2M9QD4T, Black Sheep Sandwich / Salad) and VLZX7K2M9QD4T_rule ('Black Sheep' in item -> vegetarian); no real meat in the modifications"
VLZX7K2M9QD4T,Black Sheep Sandwich,"Cheese On Side, Lite (Less) Yogurt Sauce",FALSE,TRUE,FALSE,FALSE,"Black Sheep is a plant-based mock lamb: correct_manual.py OVERRIDE (VLZX7K2M9QD4T, Black Sheep Sandwich / Salad) and VLZX7K2M9QD4T_rule ('Black Sheep' in item -> vegetarian); no real meat in the modifications"
VLZX7K2M9QD4T,Black Sheep Sandwich,"Cheese On Side, Lite (Less) Yogurt Sauce, Side Hot Sauce",FALSE,TRUE,FALSE,FALSE,"Black Sheep is a plant-based mock lamb: correct_manual.py OVERRIDE (VLZX7K2M9QD4T, Black Sheep Sandwich / Salad) and VLZX7K2M9QD4T_rule ('Black Sheep' in item -> vegetarian); no real meat in the modifications"
VLZX7K2M9QD4T,Black Sheep Sandwich,"Cheese On Side, Lite (Less) Yogurt Sauce, Yogurt On Side",FALSE,TRUE,FALSE,FALSE,"Black Sheep is a plant-based mock lamb: correct_manual.py OVERRIDE (VLZX7K2M9QD4T, Black Sheep Sandwich / Salad) and VLZX7K2M9QD4T_rule ('Black Sheep' in item -> vegetarian); no real meat in the modifications"
VLZX7K2M9QD4T,Black Sheep Sandwich,"Cheese On Side, No Cheese",FALSE,TRUE,FALSE,FALSE,"Black Sheep is a plant-based mock lamb: correct_manual.py OVERRIDE (VLZX7K2M9QD4T, Black Sheep Sandwich / Salad) and VLZX7K2M9QD4T_rule ('Black Sheep' in item -> vegetarian); no real meat in the modifications"
VLZX7K2M9QD4T,Black Sheep Sandwich,"Cheese On Side, No Cheese, Yogurt On Side",FALSE,TRUE,FALSE,FALSE,"Black Sheep is a plant-based mock lamb: correct_manual.py OVERRIDE (VLZX7K2M9QD4T, Black Sheep Sandwich / Salad) and VLZX7K2M9QD4T_rule ('Black Sheep' in item -> vegetarian); no real meat in the modifications"
VLZX7K2M9QD4T,Black Sheep Sandwich,"Cheese On Side, No Onion, Add Sweet Potato (Served On The Side)",FALSE,TRUE,FALSE,FALSE,"Black Sheep is a plant-based mock lamb: correct_manual.py OVERRIDE (VLZX7K2M9QD4T, Black Sheep Sandwich / Salad) and VLZX7K2M9QD4T_rule ('Black Sheep' in item -> vegetarian); no real meat in the modifications"
VLZX7K2M9QD4T,Black Sheep Sandwich,"Cheese On Side, No Yogurt Sauce",FALSE,TRUE,FALSE,FALSE,"Black Sheep is a plant-based mock lamb: correct_manual.py OVERRIDE (VLZX7K2M9QD4T, Black Sheep Sandwich / Salad) and VLZX7K2M9QD4T_rule ('Black Sheep' in item -> vegetarian); no real meat in the modifications"
VLZX7K2M9QD4T,Black Sheep Sandwich,"Cheese On Side, No Yogurt Sauce, Side Hot Sauce",FALSE,TRUE,FALSE,FALSE,"Black Sheep is a plant-based mock lamb: correct_manual.py OVERRIDE (VLZX7K2M9QD4T, Black Sheep Sandwich / Salad) and VLZX7K2M9QD4T_rule ('Black Sheep' in item -> vegetarian); no real meat in the modifications"
VLZX7K2M9QD4T,Black Sheep Sandwich,"Cheese On Side, Side Hot Sauce",FALSE,TRUE,FALSE,FALSE,"Black Sheep is a plant-based mock lamb: correct_manual.py OVERRIDE (VLZX7K2M9QD4T, Black Sheep Sandwich / Salad) and VLZX7K2M9QD4T_rule ('Black Sheep' in item -> vegetarian); no real meat in the modifications"
VLZX7K2M9QD4T,Black Sheep Sandwich,"Cheese On Side, Yogurt On Side",FALSE,TRUE,FALSE,FALSE,"Black Sheep is a plant-based mock lamb: correct_manual.py OVERRIDE (VLZX7K2M9QD4T, Black Sheep Sandwich / Salad) and VLZX7K2M9QD4T_rule ('Black Sheep' in item -> vegetarian); no real meat in the modifications"
VLZX7K2M9QD4T,Black Sheep Sandwich,"Cheese On Side, Yogurt On Side, Greek Style",FALSE,TRUE,FALSE,FALSE,"Black Sheep is a plant-based mock lamb: correct_manual.py OVERRIDE (VLZX7K2M9QD4T, Black Sheep Sandwich / Salad) and VLZX7K2M9QD4T_rule ('Black Sheep' in item -> vegetarian); no real meat in the modifications"
VLZX7K2M9QD4T,Black Sheep Sandwich,"Cheese On Side, Yogurt On Side, Side Hot Sauce",FALSE,TRUE,FALSE,FALSE,"Black Sheep is a plant-based mock lamb: correct_manual.py OVERRIDE (VLZX7K2M9QD4T, Black Sheep Sandwich / Salad) and VLZX7K2M9QD4T_rule ('Black Sheep' in item -> vegetarian); no real meat in the modifications"
VLZX7K2M9QD4T,Black Sheep Sandwich,Don'T Make,FALSE,TRUE,FALSE,FALSE,"Black Sheep is a plant-based mock lamb: correct_manual.py OVERRIDE (VLZX7K2M9QD4T, Black Sheep Sandwich / Salad) and VLZX7K2M9QD4T_rule ('Black Sheep' in item -> vegetarian); no real meat in the modifications"
VLZX7K2M9QD4T,Black Sheep Sandwich,Greek Style,FALSE,TRUE,FALSE,FALSE,"Black Sheep is a plant-based mock lamb: correct_manual.py OVERRIDE (VLZX7K2M9QD4T, Black Sheep Sandwich / Salad) and VLZX7K2M9QD4T_rule ('Black Sheep' in item -> vegetarian); no real meat in the modifications"
VLZX7K2M9QD4T,Black Sheep Sandwich,"Greek Style, No Olives",FALSE,TRUE,FALSE,FALSE,"Black Sheep is a plant-based mock lamb: correct_manual.py OVERRIDE (VLZX7K2M9QD4T, Black Sheep Sandwich / Salad) and VLZX7K2M9QD4T_rule ('Black Sheep' in item -> vegetarian); no real meat in the modifications"
VLZX7K2M9QD4T,Black Sheep Sandwich,"Greek Style, Side Hot Sauce",FALSE,TRUE,FALSE,FALSE,"Black Sheep is a plant-based mock lamb: correct_manual.py OVERRIDE (VLZX7K2M9QD4T, Black Sheep Sandwich / Salad) and VLZX7K2M9QD4T_rule ('Black Sheep' in item -> vegetarian); no real meat in the modifications"
VLZX7K2M9QD4T,Black Sheep Sandwich,"Greek Style, Split Cut In Half",FALSE,TRUE,FALSE,FALSE,"Black Sheep is a plant-based mock lamb: correct_manual.py OVERRIDE (VLZX7K2M9QD4T, Black Sheep Sandwich / Salad) and VLZX7K2M9QD4T_rule ('Black Sheep' in item -> vegetarian); no real meat in the modifications"
VLZX7K2M9QD4T,Black Sheep Sandwich,"Greek Style, Veg Set Up",FALSE,TRUE,FALSE,FALSE,"Black Sheep is a plant-based mock lamb: correct_manual.py OVERRIDE (VLZX7K2M9QD4T, Black Sheep Sandwich / Salad) and VLZX7K2M9QD4T_rule ('Black Sheep' in item -> vegetarian); no real meat in the modifications"
VLZX7K2M9QD4T,Black Sheep Sandwich,Lite (Less) Yogurt Sauce,FALSE,TRUE,FALSE,FALSE,"Black Sheep is a plant-based mock lamb: correct_manual.py OVERRIDE (VLZX7K2M9QD4T, Black Sheep Sandwich / Salad) and VLZX7K2M9QD4T_rule ('Black Sheep' in item -> vegetarian); no real meat in the modifications"
VLZX7K2M9QD4T,Black Sheep Sandwich,"Lite (Less) Yogurt Sauce, Add Sweet Potato (Served On The Side)",FALSE,TRUE,FALSE,FALSE,"Black Sheep is a plant-based mock lamb: correct_manual.py OVERRIDE (VLZX7K2M9QD4T, Black Sheep Sandwich / Salad) and VLZX7K2M9QD4T_rule ('Black Sheep' in item -> vegetarian); no real meat in the modifications"
VLZX7K2M9QD4T,Black Sheep Sandwich,"Lite (Less) Yogurt Sauce, Cheese On Side",FALSE,TRUE,FALSE,FALSE,"Black Sheep is a plant-based mock lamb: correct_manual.py OVERRIDE (VLZX7K2M9QD4T, Black Sheep Sandwich / Salad) and VLZX7K2M9QD4T_rule ('Black Sheep' in item -> vegetarian); no real meat in the modifications"
VLZX7K2M9QD4T,Black Sheep Sandwich,"Lite (Less) Yogurt Sauce, Greek Style",FALSE,TRUE,FALSE,FALSE,"Black Sheep is a plant-based mock lamb: correct_manual.py OVERRIDE (VLZX7K2M9QD4T, Black Sheep Sandwich / Salad) and VLZX7K2M9QD4T_rule ('Black Sheep' in item -> vegetarian); no real meat in the modifications"
VLZX7K2M9QD4T,Black Sheep Sandwich,"Lite (Less) Yogurt Sauce, Greek Style, Add Sweet Potato (Served On The Side)",FALSE,TRUE,FALSE,FALSE,"Black Sheep is a plant-based mock lamb: correct_manual.py OVERRIDE (VLZX7K2M9QD4T, Black Sheep Sandwich / Salad) and VLZX7K2M9QD4T_rule ('Black Sheep' in item -> vegetarian); no real meat in the modifications"
VLZX7K2M9QD4T,Black Sheep Sandwich,"Lite (Less) Yogurt Sauce, Greek Style, No Cucumber",FALSE,TRUE,FALSE,FALSE,"Black Sheep is a plant-based mock lamb: correct_manual.py OVERRIDE (VLZX7K2M9QD4T, Black Sheep Sandwich / Salad) and VLZX7K2M9QD4T_rule ('Black Sheep' in item -> vegetarian); no real meat in the modifications"
VLZX7K2M9QD4T,Black Sheep Sandwich,"Lite (Less) Yogurt Sauce, No Cheese",FALSE,TRUE,FALSE,FALSE,"Black Sheep is a plant-based mock lamb: correct_manual.py OVERRIDE (VLZX7K2M9QD4T, Black Sheep Sandwich / Salad) and VLZX7K2M9QD4T_rule ('Black Sheep' in item -> vegetarian); no real meat in the modifications"
VLZX7K2M9QD4T,Black Sheep Sandwich,"Lite (Less) Yogurt Sauce, No Cheese, Add Sweet Potato (Served On The Side)",FALSE,TRUE,FALSE,FALSE,"Black Sheep is a plant-based mock lamb: correct_manual.py OVERRIDE (VLZX7K2M9QD4T, Black Sheep Sandwich / Salad) and VLZX7K2M9QD4T_rule ('Black Sheep' in item -> vegetarian); no real meat in the modifications"
VLZX7K2M9QD4T,Black Sheep Sandwich,"Lite (Less) Yogurt Sauce, No Cheese, Greek Style",FALSE,TRUE,FALSE,FALSE,"Black Sheep is a plant-based mock lamb: correct_manual.py OVERRIDE (VLZX7K2M9QD4T, Black Sheep Sandwich / Salad) and VLZX7K2M9QD4T_rule ('Black Sheep' in item -> vegetarian); no real meat in the modifications"
VLZX7K2M9QD4T,Black Sheep Sandwich,"Lite (Less) Yogurt Sauce, No Cheese, Side Hot Sauce",FALSE,TRUE,FALSE,FALSE,"Black Sheep is a plant-based mock lamb: correct_manual.py OVERRIDE (VLZX7K2M9QD4T, Black Sheep Sandwich / Salad) and VLZX7K2M9QD4T_rule ('Black Sheep' in item -> vegetarian); no real meat in the modifications"
VLZX7K2M9QD4T,Black Sheep Sandwich,"Lite (Less) Yogurt Sauce, No Cheese, Side Hot Sauce, Greek Style",FALSE,TRUE,FALSE,FALSE,"Black Sheep is a plant-based mock lamb: correct_manual.py OVERRIDE (VLZX7K2M9QD4T, Black Sheep Sandwich / Salad) and VLZX7K2M9QD4T_rule ('Black Sheep' in item -> vegetarian); no real meat in the modifications"
VLZX7K2M9QD4T,Black Sheep Sandwich,"Lite (Less) Yogurt Sauce, No Cheese, Yogurt On Side",FALSE,TRUE,FALSE,FALSE,"Black Sheep is a plant-based mock lamb: correct_manual.py OVERRIDE (VLZX7K2M9QD4T, Black Sheep Sandwich / Salad) and VLZX7K2M9QD4T_rule ('Black Sheep' in item -> vegetarian); no real meat in the modifications"
VLZX7K2M9QD4T,Black Sheep Sandwich,"Lite (Less) Yogurt Sauce, No Onion",FALSE,TRUE,FALSE,FALSE,"Black Sheep is a plant-based mock lamb: correct_manual.py OVERRIDE (VLZX7K2M9QD4T, Black Sheep Sandwich / Salad) and VLZX7K2M9QD4T_rule ('Black Sheep' in item -> vegetarian); no real meat in the modifications"
VLZX7K2M9QD4T,Black Sheep Sandwich,"Lite (Less) Yogurt Sauce, No Onion, Greek Style",FALSE,TRUE,FALSE,FALSE,"Black Sheep is a plant-based mock lamb: correct_manual.py OVERRIDE (VLZX7K2M9QD4T, Black Sheep Sandwich / Salad) and VLZX7K2M9QD4T_rule ('Black Sheep' in item -> vegetarian); no real meat in the modifications"
VLZX7K2M9QD4T,Black Sheep Sandwich,"Lite (Less) Yogurt Sauce, No Onion, No Cheese",FALSE,TRUE,FALSE,FALSE,"Black Sheep is a plant-based mock lamb: correct_manual.py OVERRIDE (VLZX7K2M9QD4T, Black Sheep Sandwich / Salad) and VLZX7K2M9QD4T_rule ('Black Sheep' in item -> vegetarian); no real meat in the modifications"
VLZX7K2M9QD4T,Black Sheep Sandwich,"Lite (Less) Yogurt Sauce, No Onion, Side Hot Sauce",FALSE,TRUE,FALSE,FALSE,"Black Sheep is a plant-based mock lamb: correct_manual.py OVERRIDE (VLZX7K2M9QD4T, Black Sheep Sandwich / Salad) and VLZX7K2M9QD4T_rule ('Black Sheep' in item -> vegetarian); no real meat in the modifications"
VLZX7K2M9QD4T,Black Sheep Sandwich,"Lite (Less) Yogurt Sauce, No Yogurt Sauce",FALSE,TRUE,FALSE,FALSE,"Black Sheep is a plant-based mock lamb: correct_manual.py OVERRIDE (VLZX7K2M9QD4T, Black Sheep Sandwich / Salad) and VLZX7K2M9QD4T_rule ('Black Sheep' in item -> vegetarian); no real meat in the modifications"
VLZX7K2M9QD4T,Black Sheep Sandwich,"Lite (Less) Yogurt Sauce, Side Hot Sauce",FALSE,TRUE,FALSE,FALSE,"Black Sheep is a plant-based mock lamb: correct_manual.py OVERRIDE (VLZX7K2M9QD4T, Black Sheep Sandwich / Salad) and VLZX7K2M9QD4T_rule ('Black Sheep' in item -> vegetarian); no real meat in the modifications"
VLZX7K2M9QD4T,Black Sheep Sandwich,"Lite (Less) Yogurt Sauce, Side Hot Sauce, Greek Style",FALSE,TRUE,FALSE,FALSE,"Black Sheep is a plant-based mock lamb: correct_manual.py OVERRIDE (VLZX7K2M9QD4T, Black Sheep Sandwich / Salad) and VLZX7K2M9QD4T_rule ('Black Sheep' in item -> vegetarian); no real meat in the modifications"
VLZX7K2M9QD4T,Black Sheep Sandwich,"Lite (Less) Yogurt Sauce, Yogurt On Side",FALSE,TRUE,FALSE,FALSE,"Black Sheep is a plant-based mock lamb: correct_manual.py OVERRIDE (VLZX7K2M9QD4T, Black Sheep Sandwich / Salad) and VLZX7K2M9QD4T_rule ('Black Sheep' in item -> vegetarian); no real meat in the modifications"
VLZX7K2M9QD4T,Black Sheep Sandwich,No Cheese,FALSE,TRUE,FALSE,FALSE,"Black Sheep is a plant-based mock lamb: correct_manual.py OVERRIDE (VLZX7K2M9QD4T, Black Sheep Sandwich / Salad) and VLZX7K2M9QD4T_rule ('Black Sheep' in item -> vegetarian); no real meat in the modifications"
VLZX7K2M9QD4T,Black Sheep Sandwich,"No Cheese, Add Sweet Potato (Served On The Side)",FALSE,TRUE,FALSE,FALSE,"Black Sheep is a plant-based mock lamb: correct_manual.py OVERRIDE (VLZX7K2M9QD4T, Black Sheep Sandwich / Salad) and VLZX7K2M9QD4T_rule ('Black Sheep' in item -> vegetarian); no real meat in the modifications"
VLZX7K2M9QD4T,Black Sheep Sandwich,"No Cheese, Greek Style",FALSE,TRUE,FALSE,FALSE,"Black Sheep is a plant-based mock lamb: correct_manual.py OVERRIDE (VLZX7K2M9QD4T, Black Sheep Sandwich / Salad) and VLZX7K2M9QD4T_rule ('Black Sheep' in item -> vegetarian); no real meat in the modifications"
VLZX7K2M9QD4T,Black Sheep Sandwich,"No Cheese, Greek Style, Side Hot Sauce",FALSE,TRUE,FALSE,FALSE,"Black Sheep is a plant-based mock lamb: correct_manual.py OVERRIDE (VLZX7K2M9QD4T, Black Sheep Sandwich / Salad) and VLZX7K2M9QD4T_rule ('Black Sheep' in item -> vegetarian); no real meat in the modifications"
VLZX7K2M9QD4T,Black Sheep Sandwich,"No Cheese, Greek Style, Split Cut In Half",FALSE,TRUE,FALSE,FALSE,"Black Sheep is a plant-based mock lamb: correct_manual.py OVERRIDE (VLZX7K2M9QD4T, Black Sheep Sandwich / Salad) and VLZX7K2M9QD4T_rule ('Black Sheep' in item -> vegetarian); no real meat in the modifications"
VLZX7K2M9QD4T,Black Sheep Sandwich,"No Cheese, Lite (Less) Yogurt Sauce",FALSE,TRUE,FALSE,FALSE,"Black Sheep is a plant-based mock lamb: correct_manual.py OVERRIDE (VLZX7K2M9QD4T, Black Sheep Sandwich / Salad) and VLZX7K2M9QD4T_rule ('Black Sheep' in item -> vegetarian); no real meat in the modifications"
VLZX7K2M9QD4T,Black Sheep Sandwich,"No Cheese, Lite (Less) Yogurt Sauce, Greek Style",FALSE,TRUE,FALSE,FALSE,"Black Sheep is a plant-based mock lamb: correct_manual.py OVERRIDE (VLZX7K2M9QD4T, Black Sheep Sandwich / Salad) and VLZX7K2M9QD4T_rule ('Black Sheep' in item -> vegetarian); no real meat in the modifications"
VLZX7K2M9QD4T,Black Sheep Sandwich,"No Cheese, Lite (Less) Yogurt Sauce, Side Hot Sauce",FALSE,TRUE,FALSE,FALSE,"Black Sheep is a plant-based mock lamb: correct_manual.py OVERRIDE (VLZX7K2M9QD4T, Black Sheep Sandwich / Salad) and VLZX7K2M9QD4T_rule ('Black Sheep' in item -> vegetarian); no real meat in the modifications"
VLZX7K2M9QD4T,Black Sheep Sandwich,"No Cheese, No Onion",FALSE,TRUE,FALSE,FALSE,"Black Sheep is a plant-based mock lamb: correct_manual.py OVERRIDE (VLZX7K2M9QD4T, Black Sheep Sandwich / Salad) and VLZX7K2M9QD4T_rule ('Black Sheep' in item -> vegetarian); no real meat in the modifications"
VLZX7K2M9QD4T,Black Sheep Sandwich,"No Cheese, No Onion, Greek Style",FALSE,TRUE,FALSE,FALSE,"Black Sheep is a plant-based mock lamb: correct_manual.py OVERRIDE (VLZX7K2M9QD4T, Black Sheep Sandwich / Salad) and VLZX7K2M9QD4T_rule ('Black Sheep' in item -> vegetarian); no real meat in the modifications"
VLZX7K2M9QD4T,Black Sheep Sandwich,"No Cheese, No Onion, Greek Style, No Pea Shoots",FALSE,TRUE,FALSE,FALSE,"Black Sheep is a plant-based mock lamb: correct_manual.py OVERRIDE (VLZX7K2M9QD4T, Black Sheep Sandwich / Salad) and VLZX7K2M9QD4T_rule ('Black Sheep' in item -> vegetarian); no real meat in the modifications"
VLZX7K2M9QD4T,Black Sheep Sandwich,"No Cheese, No Onion, Lite (Less) Yogurt Sauce",FALSE,TRUE,FALSE,FALSE,"Black Sheep is a plant-based mock lamb: correct_manual.py OVERRIDE (VLZX7K2M9QD4T, Black Sheep Sandwich / Salad) and VLZX7K2M9QD4T_rule ('Black Sheep' in item -> vegetarian); no real meat in the modifications"
VLZX7K2M9QD4T,Black Sheep Sandwich,"No Cheese, No Onion, Side Hot Sauce",FALSE,TRUE,FALSE,FALSE,"Black Sheep is a plant-based mock lamb: correct_manual.py OVERRIDE (VLZX7K2M9QD4T, Black Sheep Sandwich / Salad) and VLZX7K2M9QD4T_rule ('Black Sheep' in item -> vegetarian); no real meat in the modifications"
VLZX7K2M9QD4T,Black Sheep Sandwich,"No Cheese, No Yogurt Sauce",FALSE,TRUE,FALSE,FALSE,"Black Sheep is a plant-based mock lamb: correct_manual.py OVERRIDE (VLZX7K2M9QD4T, Black Sheep Sandwich / Salad) and VLZX7K2M9QD4T_rule ('Black Sheep' in item -> vegetarian); no real meat in the modifications"
VLZX7K2M9QD4T,Black Sheep Sandwich,"No Cheese, No Yogurt Sauce, Add Sweet Potato (Served On The Side)",FALSE,TRUE,FALSE,FALSE,"Black Sheep is a plant-based mock lamb: correct_manual.py OVERRIDE (VLZX7K2M9QD4T, Black Sheep Sandwich / Salad) and VLZX7K2M9QD4T_rule ('Black Sheep' in item -> vegetarian); no real meat in the modifications"
VLZX7K2M9QD4T,Black Sheep Sandwich,"No Cheese, No Yogurt Sauce, Allergy Alergia",FALSE,TRUE,FALSE,FALSE,"Black Sheep is a plant-based mock lamb: correct_manual.py OVERRIDE (VLZX7K2M9QD4T, Black Sheep Sandwich / Salad) and VLZX7K2M9QD4T_rule ('Black Sheep' in item -> vegetarian); no real meat in the modifications"
VLZX7K2M9QD4T,Black Sheep Sandwich,"No Cheese, No Yogurt Sauce, Greek Style",FALSE,TRUE,FALSE,FALSE,"Black Sheep is a plant-based mock lamb: correct_manual.py OVERRIDE (VLZX7K2M9QD4T, Black Sheep Sandwich / Salad) and VLZX7K2M9QD4T_rule ('Black Sheep' in item -> vegetarian); no real meat in the modifications"
VLZX7K2M9QD4T,Black Sheep Sandwich,"No Cheese, No Yogurt Sauce, No Cucumber",FALSE,TRUE,FALSE,FALSE,"Black Sheep is a plant-based mock lamb: correct_manual.py OVERRIDE (VLZX7K2M9QD4T, Black Sheep Sandwich / Salad) and VLZX7K2M9QD4T_rule ('Black Sheep' in item -> vegetarian); no real meat in the modifications"
VLZX7K2M9QD4T,Black Sheep Sandwich,"No Cheese, No Yogurt Sauce, No Onion",FALSE,TRUE,FALSE,FALSE,"Black Sheep is a plant-based mock lamb: correct_manual.py OVERRIDE (VLZX7K2M9QD4T, Black Sheep Sandwich / Salad) and VLZX7K2M9QD4T_rule ('Black Sheep' in item -> vegetarian); no real meat in the modifications"
VLZX7K2M9QD4T,Black Sheep Sandwich,"No Cheese, No Yogurt Sauce, No Onion, Add Sweet Potato (Served On The Side)",FALSE,TRUE,FALSE,FALSE,"Black Sheep is a plant-based mock lamb: correct_manual.py OVERRIDE (VLZX7K2M9QD4T, Black Sheep Sandwich / Salad) and VLZX7K2M9QD4T_rule ('Black Sheep' in item -> vegetarian); no real meat in the modifications"
VLZX7K2M9QD4T,Black Sheep Sandwich,"No Cheese, No Yogurt Sauce, No Onion, Greek Style",FALSE,TRUE,FALSE,FALSE,"Black Sheep is a plant-based mock lamb: correct_manual.py OVERRIDE (VLZX7K2M9QD4T, Black Sheep Sandwich / Salad) and VLZX7K2M9QD4T_rule ('Black Sheep' in item -> vegetarian); no real meat in the modifications"
VLZX7K2M9QD4T,Black Sheep Sandwich,"No Cheese, No Yogurt Sauce, Side Hot Sauce",FALSE,TRUE,FALSE,FALSE,"Black Sheep is a plant-based mock lamb: correct_manual.py OVERRIDE (VLZX7K2M9QD4T, Black Sheep Sandwich / Salad) and VLZX7K2M9QD4T_rule ('Black Sheep' in item -> vegetarian); no real meat in the modifications"
VLZX7K2M9QD4T,Black Sheep Sandwich,"No Cheese, No Yogurt Sauce, Side Hot Sauce, Split Cut In Half",FALSE,TRUE,FALSE,FALSE,"Black Sheep is a plant-based mock lamb: correct_manual.py OVERRIDE (VLZX7K2M9QD4T, Black Sheep Sandwich / Salad) and VLZX7K2M9QD4T_rule ('Black Sheep' in item -> vegetarian); no real meat in the modifications"
VLZX7K2M9QD4T,Black Sheep Sandwich,"No Cheese, No Yogurt Sauce, Split Cut In Half",FALSE,TRUE,FALSE,FALSE,"Black Sheep is a plant-based mock lamb: correct_manual.py OVERRIDE (VLZX7K2M9QD4T, Black Sheep Sandwich / Salad) and VLZX7K2M9QD4T_rule ('Black Sheep' in item -> vegetarian); no real meat in the modifications"
VLZX7K2M9QD4T,Black Sheep Sandwich,"No Cheese, Side Hot Sauce",FALSE,TRUE,FALSE,FALSE,"Black Sheep is a plant-based mock lamb: correct_manual.py OVERRIDE (VLZX7K2M9QD4T, Black Sheep Sandwich / Salad) and VLZX7K2M9QD4T_rule ('Black Sheep' in item -> vegetarian); no real meat in the modifications"
VLZX7K2M9QD4T,Black Sheep Sandwich,"No Cheese, Side Hot Sauce, Greek Style",FALSE,TRUE,FALSE,FALSE,"Black Sheep is a plant-based mock lamb: correct_manual.py OVERRIDE (VLZX7K2M9QD4T, Black Sheep Sandwich / Salad) and VLZX7K2M9QD4T_rule ('Black Sheep' in item -> vegetarian); no real meat in the modifications"
VLZX7K2M9QD4T,Black Sheep Sandwich,"No Cheese, Side Hot Sauce, Split Cut In Half",FALSE,TRUE,FALSE,FALSE,"Black Sheep is a plant-based mock lamb: correct_manual.py OVERRIDE (VLZX7K2M9QD4T, Black Sheep Sandwich / Salad) and VLZX7K2M9QD4T_rule ('Black Sheep' in item -> vegetarian); no real meat in the modifications"
VLZX7K2M9QD4T,Black Sheep Sandwich,"No Cheese, Split Cut In Half",FALSE,TRUE,FALSE,FALSE,"Black Sheep is a plant-based mock lamb: correct_manual.py OVERRIDE (VLZX7K2M9QD4T, Black Sheep Sandwich / Salad) and VLZX7K2M9QD4T_rule ('Black Sheep' in item -> vegetarian); no real meat in the modifications"
VLZX7K2M9QD4T,Black Sheep Sandwich,"No Cheese, Veg Set Up",FALSE,TRUE,FALSE,FALSE,"Black Sheep is a plant-based mock lamb: correct_manual.py OVERRIDE (VLZX7K2M9QD4T, Black Sheep Sandwich / Salad) and VLZX7K2M9QD4T_rule ('Black Sheep' in item -> vegetarian); no real meat in the modifications"
VLZX7K2M9QD4T,Black Sheep Sandwich,"No Cheese, Yogurt On Side",FALSE,TRUE,FALSE,FALSE,"Black Sheep is a plant-based mock lamb: correct_manual.py OVERRIDE (VLZX7K2M9QD4T, Black Sheep Sandwich / Salad) and VLZX7K2M9QD4T_rule ('Black Sheep' in item -> vegetarian); no real meat in the modifications"
VLZX7K2M9QD4T,Black Sheep Sandwich,"No Cheese, Yogurt On Side, Add Sweet Potato (Served On The Side)",FALSE,TRUE,FALSE,FALSE,"Black Sheep is a plant-based mock lamb: correct_manual.py OVERRIDE (VLZX7K2M9QD4T, Black Sheep Sandwich / Salad) and VLZX7K2M9QD4T_rule ('Black Sheep' in item -> vegetarian); no real meat in the modifications"
VLZX7K2M9QD4T,Black Sheep Sandwich,"No Cheese, Yogurt On Side, Greek Style",FALSE,TRUE,FALSE,FALSE,"Black Sheep is a plant-based mock lamb: correct_manual.py OVERRIDE (VLZX7K2M9QD4T, Black Sheep Sandwich / Salad) and VLZX7K2M9QD4T_rule ('Black Sheep' in item -> vegetarian); no real meat in the modifications"
VLZX7K2M9QD4T,Black Sheep Sandwich,"No Cheese, Yogurt On Side, Side Hot Sauce",FALSE,TRUE,FALSE,FALSE,"Black Sheep is a plant-based mock lamb: correct_manual.py OVERRIDE (VLZX7K2M9QD4T, Black Sheep Sandwich / Salad) and VLZX7K2M9QD4T_rule ('Black Sheep' in item -> vegetarian); no real meat in the modifications"
VLZX7K2M9QD4T,Black Sheep Sandwich,No Cucumber,FALSE,TRUE,FALSE,FALSE,"Black Sheep is a plant-based mock lamb: correct_manual.py OVERRIDE (VLZX7K2M9QD4T, Black Sheep Sandwich / Salad) and VLZX7K2M9QD4T_rule ('Black Sheep' in item -> vegetarian); no real meat in the modifications"
VLZX7K2M9QD4T,Black Sheep Sandwich,No Onion,FALSE,TRUE,FALSE,FALSE,"Black Sheep is a plant-based mock lamb: correct_manual.py OVERRIDE (VLZX7K2M9QD4T, Black Sheep Sandwich / Salad) and VLZX7K2M9QD4T_rule ('Black Sheep' in item -> vegetarian); no real meat in the modifications"
VLZX7K2M9QD4T,Black Sheep Sandwich,"No Onion, Add Black Sheep Lamb (Served On The Side)",FALSE,TRUE,FALSE,FALSE,"Black Sheep is a plant-based mock lamb: correct_manual.py OVERRIDE (VLZX7K2M9QD4T, Black Sheep Sandwich / Salad) and VLZX7K2M9QD4T_rule ('Black Sheep' in item -> vegetarian); no real meat in the modifications"
VLZX7K2M9QD4T,Black Sheep Sandwich,"No Onion, Add Sweet Potato (Served On The Side)",FALSE,TRUE,FALSE,FALSE,"Black Sheep is a plant-based mock lamb: correct_manual.py OVERRIDE (VLZX7K2M9QD4T, Black Sheep Sandwich / Salad) and VLZX7K2M9QD4T_rule ('Black Sheep' in item -> vegetarian); no real meat in the modifications"
VLZX7K2M9QD4T,Black Sheep Sandwich,"No Onion, Greek Style",FALSE,TRUE,FALSE,FALSE,"Black Sheep is a plant-based mock lamb: correct_manual.py OVERRIDE (VLZX7K2M9QD4T, Black Sheep Sandwich / Salad) and VLZX7K2M9QD4T_rule ('Black Sheep' in item -> vegetarian); no real meat in the modifications"
VLZX7K2M9QD4T,Black Sheep Sandwich,"No Onion, Greek Style, Side Hot Sauce",FALSE,TRUE,FALSE,FALSE,"Black Sheep is a plant-based mock lamb: correct_manual.py OVERRIDE (VLZX7K2M9QD4T, Black Sheep Sandwich / Salad) and VLZX7K2M9QD4T_rule ('Black Sheep' in item -> vegetarian); no real meat in the modifications"
VLZX7K2M9QD4T,Black Sheep Sandwich,"No Onion, No Cheese",FALSE,TRUE,FALSE,FALSE,"Black Sheep is a plant-based mock lamb: correct_manual.py OVERRIDE (VLZX7K2M9QD4T, Black Sheep Sandwich / Salad) and VLZX7K2M9QD4T_rule ('Black Sheep' in item -> vegetarian); no real meat in the modifications"
VLZX7K2M9QD4T,Black Sheep Sandwich,"No Onion, No Cheese, Add Sweet Potato (Served On The Side)",FALSE,TRUE,FALSE,FALSE,"Black Sheep is a plant-based mock lamb: correct_manual.py OVERRIDE (VLZX7K2M9QD4T, Black Sheep Sandwich / Salad) and VLZX7K2M9QD4T_rule ('Black Sheep' in item -> vegetarian); no real meat in the modifications"
VLZX7K2M9QD4T,Black Sheep Sandwich,"No Onion, No Cheese, Side Hot Sauce",FALSE,TRUE,FALSE,FALSE,"Black Sheep is a plant-based mock lamb: correct_manual.py OVERRIDE (VLZX7K2M9QD4T, Black Sheep Sandwich / Salad) and VLZX7K2M9QD4T_rule ('Black Sheep' in item -> vegetarian); no real meat in the modifications"
VLZX7K2M9QD4T,Black Sheep Sandwich,"No Onion, No Cheese, Yogurt On Side",FALSE,TRUE,FALSE,FALSE,"Black Sheep is a plant-based mock lamb: correct_manual.py OVERRIDE (VLZX7K2M9QD4T, Black Sheep Sandwich / Salad) and VLZX7K2M9QD4T_rule ('Black Sheep' in item -> vegetarian); no real meat in the modifications"
VLZX7K2M9QD4T,Black Sheep Sandwich,"No Onion, No Cheese, Yogurt On Side, Side Hot Sauce",FALSE,TRUE,FALSE,FALSE,"Black Sheep is a plant-based mock lamb: correct_manual.py OVERRIDE (VLZX7K2M9QD4T, Black Sheep Sandwich / Salad) and VLZX7K2M9QD4T_rule ('Black Sheep' in item -> vegetarian); no real meat in the modifications"
VLZX7K2M9QD4T,Black Sheep Sandwich,"No Onion, No Pea Shoots",FALSE,TRUE,FALSE,FALSE,"Black Sheep is a plant-based mock lamb: correct_manual.py OVERRIDE (VLZX7K2M9QD4T, Black Sheep Sandwich / Salad) and VLZX7K2M9QD4T_rule ('Black Sheep' in item -> vegetarian); no real meat in the modifications"
VLZX7K2M9QD4T,Black Sheep Sandwich,"No Onion, No Radish",FALSE,TRUE,FALSE,FALSE,"Black Sheep is a plant-based mock lamb: correct_manual.py OVERRIDE (VLZX7K2M9QD4T, Black Sheep Sandwich / Salad) and VLZX7K2M9QD4T_rule ('Black Sheep' in item -> vegetarian); no real meat in the modifications"
VLZX7K2M9QD4T,Black Sheep Sandwich,"No Onion, No Radish, No Cucumber",FALSE,TRUE,FALSE,FALSE,"Black Sheep is a plant-based mock lamb: correct_manual.py OVERRIDE (VLZX7K2M9QD4T, Black Sheep Sandwich / Salad) and VLZX7K2M9QD4T_rule ('Black Sheep' in item -> vegetarian); no real meat in the modifications"
VLZX7K2M9QD4T,Black Sheep Sandwich,"No Onion, No Yogurt Sauce, No Cheese",FALSE,TRUE,FALSE,FALSE,"Black Sheep is a plant-based mock lamb: correct_manual.py OVERRIDE (VLZX7K2M9QD4T, Black Sheep Sandwich / Salad) and VLZX7K2M9QD4T_rule ('Black Sheep' in item -> vegetarian); no real meat in the modifications"
VLZX7K2M9QD4T,Black Sheep Sandwich,"No Onion, No Yogurt Sauce, No Cheese, Greek Style",FALSE,TRUE,FALSE,FALSE,"Black Sheep is a plant-based mock lamb: correct_manual.py OVERRIDE (VLZX7K2M9QD4T, Black Sheep Sandwich / Salad) and VLZX7K2M9QD4T_rule ('Black Sheep' in item -> vegetarian); no real meat in the modifications"
VLZX7K2M9QD4T,Black Sheep Sandwich,"No Onion, No Yogurt Sauce, No Cheese, Side Hot Sauce",FALSE,TRUE,FALSE,FALSE,"Black Sheep is a plant-based mock lamb: correct_manual.py OVERRIDE (VLZX7K2M9QD4T, Black Sheep Sandwich / Salad) and VLZX7K2M9QD4T_rule ('Black Sheep' in item -> vegetarian); no real meat in the modifications"
VLZX7K2M9QD4T,Black Sheep Sandwich,"No Onion, No Yogurt Sauce, No Cheese, Side Hot Sauce, Greek Style",FALSE,TRUE,FALSE,FALSE,"Black Sheep is a plant-based mock lamb: correct_manual.py OVERRIDE (VLZX7K2M9QD4T, Black Sheep Sandwich / Salad) and VLZX7K2M9QD4T_rule ('Black Sheep' in item -> vegetarian); no real meat in the modifications"
VLZX7K2M9QD4T,Black Sheep Sandwich,"No Onion, Side Hot Sauce",FALSE,TRUE,FALSE,FALSE,"Black Sheep is a plant-based mock lamb: correct_manual.py OVERRIDE (VLZX7K2M9QD4T, Black Sheep Sandwich / Salad) and VLZX7K2M9QD4T_rule ('Black Sheep' in item -> vegetarian); no real meat in the modifications"
VLZX7K2M9QD4T,Black Sheep Sandwich,"No Onion, Split Cut In Half",FALSE,TRUE,FALSE,FALSE,"Black Sheep is a plant-based mock lamb: correct_manual.py OVERRIDE (VLZX7K2M9QD4T, Black Sheep Sandwich / Salad) and VLZX7K2M9QD4T_rule ('Black Sheep' in item -> vegetarian); no real meat in the modifications"
VLZX7K2M9QD4T,Black Sheep Sandwich,"No Onion, Veg Set Up",FALSE,TRUE,FALSE,FALSE,"Black Sheep is a plant-based mock lamb: correct_manual.py OVERRIDE (VLZX7K2M9QD4T, Black Sheep Sandwich / Salad) and VLZX7K2M9QD4T_rule ('Black Sheep' in item -> vegetarian); no real meat in the modifications"
VLZX7K2M9QD4T,Black Sheep Sandwich,"No Onion, Yogurt On Side",FALSE,TRUE,FALSE,FALSE,"Black Sheep is a plant-based mock lamb: correct_manual.py OVERRIDE (VLZX7K2M9QD4T, Black Sheep Sandwich / Salad) and VLZX7K2M9QD4T_rule ('Black Sheep' in item -> vegetarian); no real meat in the modifications"
VLZX7K2M9QD4T,Black Sheep Sandwich,"No Onion, Yogurt On Side, Greek Style",FALSE,TRUE,FALSE,FALSE,"Black Sheep is a plant-based mock lamb: correct_manual.py OVERRIDE (VLZX7K2M9QD4T, Black Sheep Sandwich / Salad) and VLZX7K2M9QD4T_rule ('Black Sheep' in item -> vegetarian); no real meat in the modifications"
VLZX7K2M9QD4T,Black Sheep Sandwich,"No Onion, Yogurt On Side, Side Hot Sauce",FALSE,TRUE,FALSE,FALSE,"Black Sheep is a plant-based mock lamb: correct_manual.py OVERRIDE (VLZX7K2M9QD4T, Black Sheep Sandwich / Salad) and VLZX7K2M9QD4T_rule ('Black Sheep' in item -> vegetarian); no real meat in the modifications"
VLZX7K2M9QD4T,Black Sheep Sandwich,"No Onion, Yogurt On Side, Side Hot Sauce, Greek Style",FALSE,TRUE,FALSE,FALSE,"Black Sheep is a plant-based mock lamb: correct_manual.py OVERRIDE (VLZX7K2M9QD4T, Black Sheep Sandwich / Salad) and VLZX7K2M9QD4T_rule ('Black Sheep' in item -> vegetarian); no real meat in the modifications"
VLZX7K2M9QD4T,Black Sheep Sandwich,No Pea Shoots,FALSE,TRUE,FALSE,FALSE,"Black Sheep is a plant-based mock lamb: correct_manual.py OVERRIDE (VLZX7K2M9QD4T, Black Sheep Sandwich / Salad) and VLZX7K2M9QD4T_rule ('Black Sheep' in item -> vegetarian); no real meat in the modifications"
VLZX7K2M9QD4T,Black Sheep Sandwich,No Radish,FALSE,TRUE,FALSE,FALSE,"Black Sheep is a plant-based mock lamb: correct_manual.py OVERRIDE (VLZX7K2M9QD4T, Black Sheep Sandwich / Salad) and VLZX7K2M9QD4T_rule ('Black Sheep' in item -> vegetarian); no real meat in the modifications"
VLZX7K2M9QD4T,Black Sheep Sandwich,"No Radish, No Cucumber",FALSE,TRUE,FALSE,FALSE,"Black Sheep is a plant-based mock lamb: correct_manual.py OVERRIDE (VLZX7K2M9QD4T, Black Sheep Sandwich / Salad) and VLZX7K2M9QD4T_rule ('Black Sheep' in item -> vegetarian); no real meat in the modifications"
VLZX7K2M9QD4T,Black Sheep Sandwich,No Yogurt Sauce,FALSE,TRUE,FALSE,FALSE,"Black Sheep is a plant-based mock lamb: correct_manual.py OVERRIDE (VLZX7K2M9QD4T, Black Sheep Sandwich / Salad) and VLZX7K2M9QD4T_rule ('Black Sheep' in item -> vegetarian); no real meat in the modifications"
VLZX7K2M9QD4T,Black Sheep Sandwich,"No Yogurt Sauce, Cheese On Side",FALSE,TRUE,FALSE,FALSE,"Black Sheep is a plant-based mock lamb: correct_manual.py OVERRIDE (VLZX7K2M9QD4T, Black Sheep Sandwich / Salad) and VLZX7K2M9QD4T_rule ('Black Sheep' in item -> vegetarian); no real meat in the modifications"
VLZX7K2M9QD4T,Black Sheep Sandwich,"No Yogurt Sauce, Greek Style",FALSE,TRUE,FALSE,FALSE,"Black Sheep is a plant-based mock lamb: correct_manual.py OVERRIDE (VLZX7K2M9QD4T, Black Sheep Sandwich / Salad) and VLZX7K2M9QD4T_rule ('Black Sheep' in item -> vegetarian); no real meat in the modifications"
VLZX7K2M9QD4T,Black Sheep Sandwich,"No Yogurt Sauce, No Cheese",FALSE,TRUE,FALSE,FALSE,"Black Sheep is a plant-based mock lamb: correct_manual.py OVERRIDE (VLZX7K2M9QD4T, Black Sheep Sandwich / Salad) and VLZX7K2M9QD4T_rule ('Black Sheep' in item -> vegetarian); no real meat in the modifications"
VLZX7K2M9QD4T,Black Sheep Sandwich,"No Yogurt Sauce, No Cheese, Add Black Sheep Lamb (Served On The Side)",FALSE,TRUE,FALSE,FALSE,"Black Sheep is a plant-based mock lamb: correct_manual.py OVERRIDE (VLZX7K2M9QD4T, Black Sheep Sandwich / Salad) and VLZX7K2M9QD4T_rule ('Black Sheep' in item -> vegetarian); no real meat in the modifications"
VLZX7K2M9QD4T,Black Sheep Sandwich,"No Yogurt Sauce, No Cheese, Add Black Sheep Lamb (Served On The Side), Greek Style",FALSE,TRUE,FALSE,FALSE,"Black Sheep is a plant-based mock lamb: correct_manual.py OVERRIDE (VLZX7K2M9QD4T, Black Sheep Sandwich / Salad) and VLZX7K2M9QD4T_rule ('Black Sheep' in item -> vegetarian); no real meat in the modifications"
VLZX7K2M9QD4T,Black Sheep Sandwich,"No Yogurt Sauce, No Cheese, Add Sweet Potato (Served On The Side)",FALSE,TRUE,FALSE,FALSE,"Black Sheep is a plant-based mock lamb: correct_manual.py OVERRIDE (VLZX7K2M9QD4T, Black Sheep Sandwich / Salad) and VLZX7K2M9QD4T_rule ('Black Sheep' in item -> vegetarian); no real meat in the modifications"
VLZX7K2M9QD4T,Black Sheep Sandwich,"No Yogurt Sauce, No Cheese, Greek Style",FALSE,TRUE,FALSE,FALSE,"Black Sheep is a plant-based mock lamb: correct_manual.py OVERRIDE (VLZX7K2M9QD4T, Black Sheep Sandwich / Salad) and VLZX7K2M9QD4T_rule ('Black Sheep' in item -> vegetarian); no real meat in the modifications"
VLZX7K2M9QD4T,Black Sheep Sandwich,"No Yogurt Sauce, No Cheese, Side Hot Sauce",FALSE,TRUE,FALSE,FALSE,"Black Sheep is a plant-based mock lamb: correct_manual.py OVERRIDE (VLZX7K2M9QD4T, Black Sheep Sandwich / Salad) and VLZX7K2M9QD4T_rule ('Black Sheep' in item -> vegetarian); no real meat in the modifications"
VLZX7K2M9QD4T,Black Sheep Sandwich,"No Yogurt Sauce, No Cheese, Side Hot Sauce, Greek Style",FALSE,TRUE,FALSE,FALSE,"Black Sheep is a plant-based mock lamb: correct_manual.py OVERRIDE (VLZX7K2M9QD4T, Black Sheep Sandwich / Salad) and VLZX7K2M9QD4T_rule ('Black Sheep' in item -> vegetarian); no real meat in the modifications"
VLZX7K2M9QD4T,Black Sheep Sandwich,"No Yogurt Sauce, No Onion",FALSE,TRUE,FALSE,FALSE,"Black Sheep is a plant-based mock lamb: correct_manual.py OVERRIDE (VLZX7K2M9QD4T, Black Sheep Sandwich / Salad) and VLZX7K2M9QD4T_rule ('Black Sheep' in item -> vegetarian); no real meat in the modifications"
VLZX7K2M9QD4T,Black Sheep Sandwich,"No Yogurt Sauce, Side Hot Sauce",FALSE,TRUE,FALSE,FALSE,"Black Sheep is a plant-based mock lamb: correct_manual.py OVERRIDE (VLZX7K2M9QD4T, Black Sheep Sandwich / Salad) and VLZX7K2M9QD4T_rule ('Black Sheep' in item -> vegetarian); no real meat in the modifications"
VLZX7K2M9QD4T,Black Sheep Sandwich,"No Yogurt Sauce, Yogurt On Side",FALSE,TRUE,FALSE,FALSE,"Black Sheep is a plant-based mock lamb: correct_manual.py OVERRIDE (VLZX7K2M9QD4T, Black Sheep Sandwich / Salad) and VLZX7K2M9QD4T_rule ('Black Sheep' in item -> vegetarian); no real meat in the modifications"
VLZX7K2M9QD4T,Black Sheep Sandwich,"No Yogurt Sauce, Yogurt On Side, Greek Style",FALSE,TRUE,FALSE,FALSE,"Black Sheep is a plant-based mock lamb: correct_manual.py OVERRIDE (VLZX7K2M9QD4T, Black Sheep Sandwich / Salad) and VLZX7K2M9QD4T_rule ('Black Sheep' in item -> vegetarian); no real meat in the modifications"
VLZX7K2M9QD4T,Black Sheep Sandwich,Side Hot Sauce,FALSE,TRUE,FALSE,FALSE,"Black Sheep is a plant-based mock lamb: correct_manual.py OVERRIDE (VLZX7K2M9QD4T, Black Sheep Sandwich / Salad) and VLZX7K2M9QD4T_rule ('Black Sheep' in item -> vegetarian); no real meat in the modifications"
VLZX7K2M9QD4T,Black Sheep Sandwich,"Side Hot Sauce, Add Sweet Potato (Served On The Side)",FALSE,TRUE,FALSE,FALSE,"Black Sheep is a plant-based mock lamb: correct_manual.py OVERRIDE (VLZX7K2M9QD4T, Black Sheep Sandwich / Salad) and VLZX7K2M9QD4T_rule ('Black Sheep' in item -> vegetarian); no real meat in the modifications"
VLZX7K2M9QD4T,Black Sheep Sandwich,"Side Hot Sauce, Greek Style",FALSE,TRUE,FALSE,FALSE,"Black Sheep is a plant-based mock lamb: correct_manual.py OVERRIDE (VLZX7K2M9QD4T, Black Sheep Sandwich / Salad) and VLZX7K2M9QD4T_rule ('Black Sheep' in item -> vegetarian); no real meat in the modifications"
VLZX7K2M9QD4T,Black Sheep Sandwich,"Side Hot Sauce, No Yogurt Sauce, No Cheese",FALSE,TRUE,FALSE,FALSE,"Black Sheep is a plant-based mock lamb: correct_manual.py OVERRIDE (VLZX7K2M9QD4T, Black Sheep Sandwich / Salad) and VLZX7K2M9QD4T_rule ('Black Sheep' in item -> vegetarian); no real meat in the modifications"
VLZX7K2M9QD4T,Black Sheep Sandwich,Split Cut In Half,FALSE,TRUE,FALSE,FALSE,"Black Sheep is a plant-based mock lamb: correct_manual.py OVERRIDE (VLZX7K2M9QD4T, Black Sheep Sandwich / Salad) and VLZX7K2M9QD4T_rule ('Black Sheep' in item -> vegetarian); no real meat in the modifications"
VLZX7K2M9QD4T,Black Sheep Sandwich,"Split Cut In Half, Veg Set Up",FALSE,TRUE,FALSE,FALSE,"Black Sheep is a plant-based mock lamb: correct_manual.py OVERRIDE (VLZX7K2M9QD4T, Black Sheep Sandwich / Salad) and VLZX7K2M9QD4T_rule ('Black Sheep' in item -> vegetarian); no real meat in the modifications"
VLZX7K2M9QD4T,Black Sheep Sandwich,Veg Set Up,FALSE,TRUE,FALSE,FALSE,"Black Sheep is a plant-based mock lamb: correct_manual.py OVERRIDE (VLZX7K2M9QD4T, Black Sheep Sandwich / Salad) and VLZX7K2M9QD4T_rule ('Black Sheep' in item -> vegetarian); no real meat in the modifications"
VLZX7K2M9QD4T,Black Sheep Sandwich,Yogurt On Side,FALSE,TRUE,FALSE,FALSE,"Black Sheep is a plant-based mock lamb: correct_manual.py OVERRIDE (VLZX7K2M9QD4T, Black Sheep Sandwich / Salad) and VLZX7K2M9QD4T_rule ('Black Sheep' in item -> vegetarian); no real meat in the modifications"
VLZX7K2M9QD4T,Black Sheep Sandwich,"Yogurt On Side, Add Sweet Potato (Served On The Side)",FALSE,TRUE,FALSE,FALSE,"Black Sheep is a plant-based mock lamb: correct_manual.py OVERRIDE (VLZX7K2M9QD4T, Black Sheep Sandwich / Salad) and VLZX7K2M9QD4T_rule ('Black Sheep' in item -> vegetarian); no real meat in the modifications"
VLZX7K2M9QD4T,Black Sheep Sandwich,"Yogurt On Side, Cheese On Side",FALSE,TRUE,FALSE,FALSE,"Black Sheep is a plant-based mock lamb: correct_manual.py OVERRIDE (VLZX7K2M9QD4T, Black Sheep Sandwich / Salad) and VLZX7K2M9QD4T_rule ('Black Sheep' in item -> vegetarian); no real meat in the modifications"
VLZX7K2M9QD4T,Black Sheep Sandwich,"Yogurt On Side, Cheese On Side, Side Hot Sauce",FALSE,TRUE,FALSE,FALSE,"Black Sheep is a plant-based mock lamb: correct_manual.py OVERRIDE (VLZX7K2M9QD4T, Black Sheep Sandwich / Salad) and VLZX7K2M9QD4T_rule ('Black Sheep' in item -> vegetarian); no real meat in the modifications"
VLZX7K2M9QD4T,Black Sheep Sandwich,"Yogurt On Side, Cheese On Side, Split Cut In Half",FALSE,TRUE,FALSE,FALSE,"Black Sheep is a plant-based mock lamb: correct_manual.py OVERRIDE (VLZX7K2M9QD4T, Black Sheep Sandwich / Salad) and VLZX7K2M9QD4T_rule ('Black Sheep' in item -> vegetarian); no real meat in the modifications"
VLZX7K2M9QD4T,Black Sheep Sandwich,"Yogurt On Side, Greek Style",FALSE,TRUE,FALSE,FALSE,"Black Sheep is a plant-based mock lamb: correct_manual.py OVERRIDE (VLZX7K2M9QD4T, Black Sheep Sandwich / Salad) and VLZX7K2M9QD4T_rule ('Black Sheep' in item -> vegetarian); no real meat in the modifications"
VLZX7K2M9QD4T,Black Sheep Sandwich,"Yogurt On Side, Greek Style, Side Hot Sauce",FALSE,TRUE,FALSE,FALSE,"Black Sheep is a plant-based mock lamb: correct_manual.py OVERRIDE (VLZX7K2M9QD4T, Black Sheep Sandwich / Salad) and VLZX7K2M9QD4T_rule ('Black Sheep' in item -> vegetarian); no real meat in the modifications"
VLZX7K2M9QD4T,Black Sheep Sandwich,"Yogurt On Side, Greek Style, Split Cut In Half",FALSE,TRUE,FALSE,FALSE,"Black Sheep is a plant-based mock lamb: correct_manual.py OVERRIDE (VLZX7K2M9QD4T, Black Sheep Sandwich / Salad) and VLZX7K2M9QD4T_rule ('Black Sheep' in item -> vegetarian); no real meat in the modifications"
VLZX7K2M9QD4T,Black Sheep Sandwich,"Yogurt On Side, No Cheese",FALSE,TRUE,FALSE,FALSE,"Black Sheep is a plant-based mock lamb: correct_manual.py OVERRIDE (VLZX7K2M9QD4T, Black Sheep Sandwich / Salad) and VLZX7K2M9QD4T_rule ('Black Sheep' in item -> vegetarian); no real meat in the modifications"
VLZX7K2M9QD4T,Black Sheep Sandwich,"Yogurt On Side, No Cheese, Side Hot Sauce",FALSE,TRUE,FALSE,FALSE,"Black Sheep is a plant-based mock lamb: correct_manual.py OVERRIDE (VLZX7K2M9QD4T, Black Sheep Sandwich / Salad) and VLZX7K2M9QD4T_rule ('Black Sheep' in item -> vegetarian); no real meat in the modifications"
VLZX7K2M9QD4T,Black Sheep Sandwich,"Yogurt On Side, No Cheese, Split Cut In Half",FALSE,TRUE,FALSE,FALSE,"Black Sheep is a plant-based mock lamb: correct_manual.py OVERRIDE (VLZX7K2M9QD4T, Black Sheep Sandwich / Salad) and VLZX7K2M9QD4T_rule ('Black Sheep' in item -> vegetarian); no real meat in the modifications"
VLZX7K2M9QD4T,Black Sheep Sandwich,"Yogurt On Side, No Onion",FALSE,TRUE,FALSE,FALSE,"Black Sheep is a plant-based mock lamb: correct_manual.py OVERRIDE (VLZX7K2M9QD4T, Black Sheep Sandwich / Salad) and VLZX7K2M9QD4T_rule ('Black Sheep' in item -> vegetarian); no real meat in the modifications"
VLZX7K2M9QD4T,Black Sheep Sandwich,"Yogurt On Side, No Onion, Side Hot Sauce",FALSE,TRUE,FALSE,FALSE,"Black Sheep is a plant-based mock lamb: correct_manual.py OVERRIDE (VLZX7K2M9QD4T, Black Sheep Sandwich / Salad) and VLZX7K2M9QD4T_rule ('Black Sheep' in item -> vegetarian); no real meat in the modifications"
VLZX7K2M9QD4T,Black Sheep Sandwich,"Yogurt On Side, Side Hot Sauce",FALSE,TRUE,FALSE,FALSE,"Black Sheep is a plant-based mock lamb: correct_manual.py OVERRIDE (VLZX7K2M9QD4T, Black Sheep Sandwich / Salad) and VLZX7K2M9QD4T_rule ('Black Sheep' in item -> vegetarian); no real meat in the modifications"
VLZX7K2M9QD4T,Black Sheep Sandwich,"Yogurt On Side, Side Hot Sauce, Greek Style",FALSE,TRUE,FALSE,FALSE,"Black Sheep is a plant-based mock lamb: correct_manual.py OVERRIDE (VLZX7K2M9QD4T, Black Sheep Sandwich / Salad) and VLZX7K2M9QD4T_rule ('Black Sheep' in item -> vegetarian); no real meat in the modifications"
VLZX7K2M9QD4T,Side Of Meat,Black Sheep Lamb,FALSE,TRUE,FALSE,FALSE,"Side Of Meat whose protein choice is Black Sheep Lamb, the plant-based mock lamb (correct_manual.py masks 'Black Sheep Lamb' before looking for meat); no other meat"
VLZX7K2M9QD4T,Veg Salad,Add Black Sheep Lamb (Served On The Side),FALSE,TRUE,FALSE,FALSE,"Veg Salad / Veg Sandwich whose only meat-like modification is Add Black Sheep Lamb, the plant-based mock lamb (correct_manual.py VLZX7K2M9QD4T_rule masks it before looking for meat)"
VLZX7K2M9QD4T,Veg Salad,"Add Black Sheep Lamb (Served On The Side), Add Sweet Potato (Served On The Side), Side Hot Sauce",FALSE,TRUE,FALSE,FALSE,"Veg Salad / Veg Sandwich whose only meat-like modification is Add Black Sheep Lamb, the plant-based mock lamb (correct_manual.py VLZX7K2M9QD4T_rule masks it before looking for meat)"
VLZX7K2M9QD4T,Veg Salad,"Add Black Sheep Lamb (Served On The Side), Greek Style",FALSE,TRUE,FALSE,FALSE,"Veg Salad / Veg Sandwich whose only meat-like modification is Add Black Sheep Lamb, the plant-based mock lamb (correct_manual.py VLZX7K2M9QD4T_rule masks it before looking for meat)"
VLZX7K2M9QD4T,Veg Salad,"Add Black Sheep Lamb (Served On The Side), Side Hot Sauce",FALSE,TRUE,FALSE,FALSE,"Veg Salad / Veg Sandwich whose only meat-like modification is Add Black Sheep Lamb, the plant-based mock lamb (correct_manual.py VLZX7K2M9QD4T_rule masks it before looking for meat)"
VLZX7K2M9QD4T,Veg Salad,"Add Black Sheep Lamb (Served On The Side), Side Hot Sauce, Greek Style",FALSE,TRUE,FALSE,FALSE,"Veg Salad / Veg Sandwich whose only meat-like modification is Add Black Sheep Lamb, the plant-based mock lamb (correct_manual.py VLZX7K2M9QD4T_rule masks it before looking for meat)"
VLZX7K2M9QD4T,Veg Salad,"Add Pita, Add Black Sheep Lamb (Served On The Side)",FALSE,TRUE,FALSE,FALSE,"Veg Salad / Veg Sandwich whose only meat-like modification is Add Black Sheep Lamb, the plant-based mock lamb (correct_manual.py VLZX7K2M9QD4T_rule masks it before looking for meat)"
VLZX7K2M9QD4T,Veg Salad,"Add Pita, Add Black Sheep Lamb (Served On The Side), Add Sweet Potato (Served On The Side)",FALSE,TRUE,FALSE,FALSE,"Veg Salad / Veg Sandwich whose only meat-like modification is Add Black Sheep Lamb, the plant-based mock lamb (correct_manual.py VLZX7K2M9QD4T_rule masks it before looking for meat)"
VLZX7K2M9QD4T,Veg Salad,"Add Pita, Add Black Sheep Lamb (Served On The Side), Greek Style",FALSE,TRUE,FALSE,FALSE,"Veg Salad / Veg Sandwich whose only meat-like modification is Add Black Sheep Lamb, the plant-based mock lamb (correct_manual.py VLZX7K2M9QD4T_rule masks it before looking for meat)"
VLZX7K2M9QD4T,Veg Salad,"Add Pita, Add Black Sheep Lamb (Served On The Side), Side Hot Sauce",FALSE,TRUE,FALSE,FALSE,"Veg Salad / Veg Sandwich whose only meat-like modification is Add Black Sheep Lamb, the plant-based mock lamb (correct_manual.py VLZX7K2M9QD4T_rule masks it before looking for meat)"
VLZX7K2M9QD4T,Veg Salad,"Add Pita, Cheese On Side, Dry (No Dressing), Add Black Sheep Lamb (Served On The Side), Side Hot Sauce",FALSE,TRUE,FALSE,FALSE,"Veg Salad / Veg Sandwich whose only meat-like modification is Add Black Sheep Lamb, the plant-based mock lamb (correct_manual.py VLZX7K2M9QD4T_rule masks it before looking for meat)"
VLZX7K2M9QD4T,Veg Salad,"Add Pita, Cheese On Side, No Cheese, Dressings On Side, No Yogurt Dressing (Olive Oil Only), Add Black Sheep Lamb (Served On The Side), Side Hot Sauce",FALSE,TRUE,FALSE,FALSE,"Veg Salad / Veg Sandwich whose only meat-like modification is Add Black Sheep Lamb, the plant-based mock lamb (correct_manual.py VLZX7K2M9QD4T_rule masks it before looking for meat)"
VLZX7K2M9QD4T,Veg Salad,"Add Pita, Dressings On Side, Add Black Sheep Lamb (Served On The Side)",FALSE,TRUE,FALSE,FALSE,"Veg Salad / Veg Sandwich whose only meat-like modification is Add Black Sheep Lamb, the plant-based mock lamb (correct_manual.py VLZX7K2M9QD4T_rule masks it before looking for meat)"
VLZX7K2M9QD4T,Veg Salad,"Add Pita, Dressings On Side, Add Black Sheep Lamb (Served On The Side), Greek Style",FALSE,TRUE,FALSE,FALSE,"Veg Salad / Veg Sandwich whose only meat-like modification is Add Black Sheep Lamb, the plant-based mock lamb (correct_manual.py VLZX7K2M9QD4T_rule masks it before looking for meat)"
VLZX7K2M9QD4T,Veg Salad,"Add Pita, Dressings On Side, Add Black Sheep Lamb (Served On The Side), Side Hot Sauce",FALSE,TRUE,FALSE,FALSE,"Veg Salad / Veg Sandwich whose only meat-like modification is Add Black Sheep Lamb, the plant-based mock lamb (correct_manual.py VLZX7K2M9QD4T_rule masks it before looking for meat)"
VLZX7K2M9QD4T,Veg Salad,"Add Pita, Kale Only, No Yogurt Dressing (Olive Oil Only), Add Black Sheep Lamb (Served On The Side)",FALSE,TRUE,FALSE,FALSE,"Veg Salad / Veg Sandwich whose only meat-like modification is Add Black Sheep Lamb, the plant-based mock lamb (correct_manual.py VLZX7K2M9QD4T_rule masks it before looking for meat)"
VLZX7K2M9QD4T,Veg Salad,"Add Pita, No Cheese, Dressings On Side, Add Black Sheep Lamb (Served On The Side)",FALSE,TRUE,FALSE,FALSE,"Veg Salad / Veg Sandwich whose only meat-like modification is Add Black Sheep Lamb, the plant-based mock lamb (correct_manual.py VLZX7K2M9QD4T_rule masks it before looking for meat)"
VLZX7K2M9QD4T,Veg Salad,"Add Pita, No Cheese, Dressings On Side, Add Black Sheep Lamb (Served On The Side), Side Hot Sauce",FALSE,TRUE,FALSE,FALSE,"Veg Salad / Veg Sandwich whose only meat-like modification is Add Black Sheep Lamb, the plant-based mock lamb (correct_manual.py VLZX7K2M9QD4T_rule masks it before looking for meat)"
VLZX7K2M9QD4T,Veg Salad,"Add Pita, No Cheese, Dressings On Side, No Yogurt Dressing (Olive Oil Only), Add Black Sheep Lamb (Served On The Side)",FALSE,TRUE,FALSE,FALSE,"Veg Salad / Veg Sandwich whose only meat-like modification is Add Black Sheep Lamb, the plant-based mock lamb (correct_manual.py VLZX7K2M9QD4T_rule masks it before looking for meat)"
VLZX7K2M9QD4T,Veg Salad,"Add Pita, No Cheese, Dressings On Side, No Yogurt Dressing (Olive Oil Only), Add Black Sheep Lamb (Served On The Side), Side Hot Sauce",FALSE,TRUE,FALSE,FALSE,"Veg Salad / Veg Sandwich whose only meat-like modification is Add Black Sheep Lamb, the plant-based mock lamb (correct_manual.py VLZX7K2M9QD4T_rule masks it before looking for meat)"
VLZX7K2M9QD4T,Veg Salad,"Add Pita, No Cheese, Kale Only, Dressings On Side, Add Black Sheep Lamb (Served On The Side)",FALSE,TRUE,FALSE,FALSE,"Veg Salad / Veg Sandwich whose only meat-like modification is Add Black Sheep Lamb, the plant-based mock lamb (correct_manual.py VLZX7K2M9QD4T_rule masks it before looking for meat)"
VLZX7K2M9QD4T,Veg Salad,"Add Pita, No Cheese, No Yogurt Dressing (Olive Oil Only), Add Black Sheep Lamb (Served On The Side)",FALSE,TRUE,FALSE,FALSE,"Veg Salad / Veg Sandwich whose only meat-like modification is Add Black Sheep Lamb, the plant-based mock lamb (correct_manual.py VLZX7K2M9QD4T_rule masks it before looking for meat)"
VLZX7K2M9QD4T,Veg Salad,"Add Pita, No Onion, Dressings On Side, Add Black Sheep Lamb (Served On The Side)",FALSE,TRUE,FALSE,FALSE,"Veg Salad / Veg Sandwich whose only meat-like modification is Add Black Sheep Lamb, the plant-based mock lamb (correct_manual.py VLZX7K2M9QD4T_rule masks it before looking for meat)"
VLZX7K2M9QD4T,Veg Salad,"Add Pita, No Onion, Kale Only, Add Black Sheep Lamb (Served On The Side)",FALSE,TRUE,FALSE,FALSE,"Veg Salad / Veg Sandwich whose only meat-like modification is Add Black Sheep Lamb, the plant-based mock lamb (correct_manual.py VLZX7K2M9QD4T_rule masks it before looking for meat)"
VLZX7K2M9QD4T,Veg Salad,"Add Pita, No Yogurt Dressing (Olive Oil Only), Add Black Sheep Lamb (Served On The Side)",FALSE,TRUE,FALSE,FALSE,"Veg Salad / Veg Sandwich whose only meat-like modification is Add Black Sheep Lamb, the plant-based mock lamb (correct_manual.py VLZX7K2M9QD4T_rule masks it before looking for meat)"
VLZX7K2M9QD4T,Veg Salad,"Cheese On Side, Dressings On Side, Add Black Sheep Lamb (Served On The Side)",FALSE,TRUE,FALSE,FALSE,"Veg Salad / Veg Sandwich whose only meat-like modification is Add Black Sheep Lamb, the plant-based mock lamb (correct_manual.py VLZX7K2M9QD4T_rule masks it before looking for meat)"
VLZX7K2M9QD4T,Veg Salad,"Cheese On Side, Dressings On Side, Add Black Sheep Lamb (Served On The Side), Add Sweet Potato (Served On The Side), Side Hot Sauce",FALSE,TRUE,FALSE,FALSE,"Veg Salad / Veg Sandwich whose only meat-like modification is Add Black Sheep Lamb, the plant-based mock lamb (correct_manual.py VLZX7K2M9QD4T_rule masks it before looking for meat)"
VLZX7K2M9QD4T,Veg Salad,"Cheese On Side, Dressings On Side, Add Black Sheep Lamb (Served On The Side), Side Hot Sauce",FALSE,TRUE,FALSE,FALSE,"Veg Salad / Veg Sandwich whose only meat-like modification is Add Black Sheep Lamb, the plant-based mock lamb (correct_manual.py VLZX7K2M9QD4T_rule masks it before looking for meat)"
VLZX7K2M9QD4T,Veg Salad,"Cheese On Side, Kale Only, Dressings On Side, Add Black Sheep Lamb (Served On The Side)",FALSE,TRUE,FALSE,FALSE,"Veg Salad / Veg Sandwich whose only meat-like modification is Add Black Sheep Lamb, the plant-based mock lamb (correct_manual.py VLZX7K2M9QD4T_rule masks it before looking for meat)"
VLZX7K2M9QD4T,Veg Salad,"Cheese On Side, Romaine Only, Dressings On Side, Add Black Sheep Lamb (Served On The Side)",FALSE,TRUE,FALSE,FALSE,"Veg Salad / Veg Sandwich whose only meat-like modification is Add Black Sheep Lamb, the plant-based mock lamb (correct_manual.py VLZX7K2M9QD4T_rule masks it before looking for meat)"
VLZX7K2M9QD4T,Veg Salad,"Dressings On Side, Add Black Sheep Lamb (Served On The Side)",FALSE,TRUE,FALSE,FALSE,"Veg Salad / Veg Sandwich whose only meat-like modification is Add Black Sheep Lamb, the plant-based mock lamb (correct_manual.py VLZX7K2M9QD4T_rule masks it before looking for meat)"
VLZX7K2M9QD4T,Veg Salad,"Dressings On Side, Add Black Sheep Lamb (Served On The Side), Greek Style",FALSE,TRUE,FALSE,FALSE,"Veg Salad / Veg Sandwich whose only meat-like modification is Add Black Sheep Lamb, the plant-based mock lamb (correct_manual.py VLZX7K2M9QD4T_rule masks it before looking for meat)"
VLZX7K2M9QD4T,Veg Salad,"Dressings On Side, Add Black Sheep Lamb (Served On The Side), Side Hot Sauce",FALSE,TRUE,FALSE,FALSE,"Veg Salad / Veg Sandwich whose only meat-like modification is Add Black Sheep Lamb, the plant-based mock lamb (correct_manual.py VLZX7K2M9QD4T_rule masks it before looking for meat)"
VLZX7K2M9QD4T,Veg Salad,"Dressings On Side, Add Black Sheep Lamb (Served On The Side), Side Hot Sauce, Greek Style",FALSE,TRUE,FALSE,FALSE,"Veg Salad / Veg Sandwich whose only meat-like modification is Add Black Sheep Lamb, the plant-based mock lamb (correct_manual.py VLZX7K2M9QD4T_rule masks it before looking for meat)"
VLZX7K2M9QD4T,Veg Salad,"Dressings On Side, Add Pita, Add Black Sheep Lamb (Served On The Side)",FALSE,TRUE,FALSE,FALSE,"Veg Salad / Veg Sandwich whose only meat-like modification is Add Black Sheep Lamb, the plant-based mock lamb (correct_manual.py VLZX7K2M9QD4T_rule masks it before looking for meat)"
VLZX7K2M9QD4T,Veg Salad,"Dressings On Side, Add Pita, Side Hot Sauce, Add Black Sheep Lamb (Served On The Side)",FALSE,TRUE,FALSE,FALSE,"Veg Salad / Veg Sandwich whose only meat-like modification is Add Black Sheep Lamb, the plant-based mock lamb (correct_manual.py VLZX7K2M9QD4T_rule masks it before looking for meat)"
VLZX7K2M9QD4T,Veg Salad,"Dressings On Side, Cheese On Side, Add Black Sheep Lamb (Served On The Side)",FALSE,TRUE,FALSE,FALSE,"Veg Salad / Veg Sandwich whose only meat-like modification is Add Black Sheep Lamb, the plant-based mock lamb (correct_manual.py VLZX7K2M9QD4T_rule masks it before looking for meat)"
VLZX7K2M9QD4T,Veg Salad,"Dressings On Side, No Cheese, Add Black Sheep Lamb (Served On The Side)",FALSE,TRUE,FALSE,FALSE,"Veg Salad / Veg Sandwich whose only meat-like modification is Add Black Sheep Lamb, the plant-based mock lamb (correct_manual.py VLZX7K2M9QD4T_rule masks it before looking for meat)"
VLZX7K2M9QD4T,Veg Salad,"Dressings On Side, No Yogurt Dressing (Olive Oil Only), Add Black Sheep Lamb (Served On The Side)",FALSE,TRUE,FALSE,FALSE,"Veg Salad / Veg Sandwich whose only meat-like modification is Add Black Sheep Lamb, the plant-based mock lamb (correct_manual.py VLZX7K2M9QD4T_rule masks it before looking for meat)"
VLZX7K2M9QD4T,Veg Salad,"Dressings On Side, No Yogurt Dressing (Olive Oil Only), Add Black Sheep Lamb (Served On The Side), Side Hot Sauce",FALSE,TRUE,FALSE,FALSE,"Veg Salad / Veg Sandwich whose only meat-like modification is Add Black Sheep Lamb, the plant-based mock lamb (correct_manual.py VLZX7K2M9QD4T_rule masks it before looking for meat)"
VLZX7K2M9QD4T,Veg Salad,"Dressings On Side, No Yogurt Dressing (Olive Oil Only), Romaine Only, No Cheese, Side Hot Sauce, Add Black Sheep Lamb (Served On The Side)",FALSE,TRUE,FALSE,FALSE,"Veg Salad / Veg Sandwich whose only meat-like modification is Add Black Sheep Lamb, the plant-based mock lamb (correct_manual.py VLZX7K2M9QD4T_rule masks it before looking for meat)"
VLZX7K2M9QD4T,Veg Salad,"Dry (No Dressing), Add Pita, No Cheese, Add Black Sheep Lamb (Served On The Side)",FALSE,TRUE,FALSE,FALSE,"Veg Salad / Veg Sandwich whose only meat-like modification is Add Black Sheep Lamb, the plant-based mock lamb (correct_manual.py VLZX7K2M9QD4T_rule masks it before looking for meat)"
VLZX7K2M9QD4T,Veg Salad,"Greek Style, Add Black Sheep Lamb (Served On The Side)",FALSE,TRUE,FALSE,FALSE,"Veg Salad / Veg Sandwich whose only meat-like modification is Add Black Sheep Lamb, the plant-based mock lamb (correct_manual.py VLZX7K2M9QD4T_rule masks it before looking for meat)"
VLZX7K2M9QD4T,Veg Salad,"Kale Only, Add Black Sheep Lamb (Served On The Side)",FALSE,TRUE,FALSE,FALSE,"Veg Salad / Veg Sandwich whose only meat-like modification is Add Black Sheep Lamb, the plant-based mock lamb (correct_manual.py VLZX7K2M9QD4T_rule masks it before looking for meat)"
VLZX7K2M9QD4T,Veg Salad,"Kale Only, Add Black Sheep Lamb (Served On The Side), Side Hot Sauce, Greek Style",FALSE,TRUE,FALSE,FALSE,"Veg Salad / Veg Sandwich whose only meat-like modification is Add Black Sheep Lamb, the plant-based mock lamb (correct_manual.py VLZX7K2M9QD4T_rule masks it before looking for meat)"
VLZX7K2M9QD4T,Veg Salad,"Kale Only, Dressings On Side, Add Black Sheep Lamb (Served On The Side)",FALSE,TRUE,FALSE,FALSE,"Veg Salad / Veg Sandwich whose only meat-like modification is Add Black Sheep Lamb, the plant-based mock lamb (correct_manual.py VLZX7K2M9QD4T_rule masks it before looking for meat)"
VLZX7K2M9QD4T,Veg Salad,"Kale Only, No Onion, Add Black Sheep Lamb (Served On The Side)",FALSE,TRUE,FALSE,FALSE,"Veg Salad / Veg Sandwich whose only meat-like modification is Add Black Sheep Lamb, the plant-based mock lamb (correct_manual.py VLZX7K2M9QD4T_rule masks it before looking for meat)"
VLZX7K2M9QD4T,Veg Salad,"Kale Only, No Yogurt Dressing (Olive Oil Only), Add Black Sheep Lamb (Served On The Side)",FALSE,TRUE,FALSE,FALSE,"Veg Salad / Veg Sandwich whose only meat-like modification is Add Black Sheep Lamb, the plant-based mock lamb (correct_manual.py VLZX7K2M9QD4T_rule masks it before looking for meat)"
VLZX7K2M9QD4T,Veg Salad,"Lite (Less) Yogurt, Add Black Sheep Lamb (Served On The Side)",FALSE,TRUE,FALSE,FALSE,"Veg Salad / Veg Sandwich whose only meat-like modification is Add Black Sheep Lamb, the plant-based mock lamb (correct_manual.py VLZX7K2M9QD4T_rule masks it before looking for meat)"
VLZX7K2M9QD4T,Veg Salad,"Lite (Less) Yogurt, Add Black Sheep Lamb (Served On The Side), Side Hot Sauce",FALSE,TRUE,FALSE,FALSE,"Veg Salad / Veg Sandwich whose only meat-like modification is Add Black Sheep Lamb, the plant-based mock lamb (correct_manual.py VLZX7K2M9QD4T_rule masks it before looking for meat)"
VLZX7K2M9QD4T,Veg Salad,"No Cheese, Add Black Sheep Lamb (Served On The Side)",FALSE,TRUE,FALSE,FALSE,"Veg Salad / Veg Sandwich whose only meat-like modification is Add Black Sheep Lamb, the plant-based mock lamb (correct_manual.py VLZX7K2M9QD4T_rule masks it before looking for meat)"
VLZX7K2M9QD4T,Veg Salad,"No Cheese, Dressings On Side, Add Black Sheep Lamb (Served On The Side)",FALSE,TRUE,FALSE,FALSE,"Veg Salad / Veg Sandwich whose only meat-like modification is Add Black Sheep Lamb, the plant-based mock lamb (correct_manual.py VLZX7K2M9QD4T_rule masks it before looking for meat)"
VLZX7K2M9QD4T,Veg Salad,"No Cheese, Dressings On Side, Add Black Sheep Lamb (Served On The Side), Add Sweet Potato (Served On The Side)",FALSE,TRUE,FALSE,FALSE,"Veg Salad / Veg Sandwich whose only meat-like modification is Add Black Sheep Lamb, the plant-based mock lamb (correct_manual.py VLZX7K2M9QD4T_rule masks it before looking for meat)"
VLZX7K2M9QD4T,Veg Salad,"No Cheese, Dressings On Side, Add Black Sheep Lamb (Served On The Side), Side Hot Sauce",FALSE,TRUE,FALSE,FALSE,"Veg Salad / Veg Sandwich whose only meat-like modification is Add Black Sheep Lamb, the plant-based mock lamb (correct_manual.py VLZX7K2M9QD4T_rule masks it before looking for meat)"
VLZX7K2M9QD4T,Veg Salad,"No Cheese, Dressings On Side, No Yogurt Dressing (Olive Oil Only), Add Black Sheep Lamb (Served On The Side)",FALSE,TRUE,FALSE,FALSE,"Veg Salad / Veg Sandwich whose only meat-like modification is Add Black Sheep Lamb, the plant-based mock lamb (correct_manual.py VLZX7K2M9QD4T_rule masks it before looking for meat)"
VLZX7K2M9QD4T,Veg Salad,"No Cheese, Dressings On Side, No Yogurt Dressing (Olive Oil Only), Add Black Sheep Lamb (Served On The Side), Add Sweet Potato (Served On The Side)",FALSE,TRUE,FALSE,FALSE,"Veg Salad / Veg Sandwich whose only meat-like modification is Add Black Sheep Lamb, the plant-based mock lamb (correct_manual.py VLZX7K2M9QD4T_rule masks it before looking for meat)"
VLZX7K2M9QD4T,Veg Salad,"No Cheese, Dressings On Side, No Yogurt Dressing (Olive Oil Only), Add Black Sheep Lamb (Served On The Side), Side Hot Sauce",FALSE,TRUE,FALSE,FALSE,"Veg Salad / Veg Sandwich whose only meat-like modification is Add Black Sheep Lamb, the plant-based mock lamb (correct_manual.py VLZX7K2M9QD4T_rule masks it before looking for meat)"
VLZX7K2M9QD4T,Veg Salad,"No Cheese, Dry (No Dressing), Add Black Sheep Lamb (Served On The Side), Add Sweet Potato (Served On The Side)",FALSE,TRUE,FALSE,FALSE,"Veg Salad / Veg Sandwich whose only meat-like modification is Add Black Sheep Lamb, the plant-based mock lamb (correct_manual.py VLZX7K2M9QD4T_rule masks it before looking for meat)"
VLZX7K2M9QD4T,Veg Salad,"No Cheese, Dry (No Dressing), Add Black Sheep Lamb (Served On The Side), Side Hot Sauce",FALSE,TRUE,FALSE,FALSE,"Veg Salad / Veg Sandwich whose only meat-like modification is Add Black Sheep Lamb, the plant-based mock lamb (correct_manual.py VLZX7K2M9QD4T_rule masks it before looking for meat)"
VLZX7K2M9QD4T,Veg Salad,"No Cheese, Greek Style, Add Black Sheep Lamb (Served On The Side)",FALSE,TRUE,FALSE,FALSE,"Veg Salad / Veg Sandwich whose only meat-like modification is Add Black Sheep Lamb, the plant-based mock lamb (correct_manual.py VLZX7K2M9QD4T_rule masks it before looking for meat)"
VLZX7K2M9QD4T,Veg Salad,"No Cheese, Kale Only, Dressings On Side, Add Black Sheep Lamb (Served On The Side)",FALSE,TRUE,FALSE,FALSE,"Veg Salad / Veg Sandwich whose only meat-like modification is Add Black Sheep Lamb, the plant-based mock lamb (correct_manual.py VLZX7K2M9QD4T_rule masks it before looking for meat)"
VLZX7K2M9QD4T,Veg Salad,"No Cheese, Kale Only, Dressings On Side, No Yogurt Dressing (Olive Oil Only), Add Black Sheep Lamb (Served On The Side)",FALSE,TRUE,FALSE,FALSE,"Veg Salad / Veg Sandwich whose only meat-like modification is Add Black Sheep Lamb, the plant-based mock lamb (correct_manual.py VLZX7K2M9QD4T_rule masks it before looking for meat)"
VLZX7K2M9QD4T,Veg Salad,"No Cheese, Kale Only, Dressings On Side, No Yogurt Dressing (Olive Oil Only), Add Black Sheep Lamb (Served On The Side), Side Hot Sauce",FALSE,TRUE,FALSE,FALSE,"Veg Salad / Veg Sandwich whose only meat-like modification is Add Black Sheep Lamb, the plant-based mock lamb (correct_manual.py VLZX7K2M9QD4T_rule masks it before looking for meat)"
VLZX7K2M9QD4T,Veg Salad,"No Cheese, Kale Only, Dry (No Dressing), Add Black Sheep Lamb (Served On The Side)",FALSE,TRUE,FALSE,FALSE,"Veg Salad / Veg Sandwich whose only meat-like modification is Add Black Sheep Lamb, the plant-based mock lamb (correct_manual.py VLZX7K2M9QD4T_rule masks it before looking for meat)"
VLZX7K2M9QD4T,Veg Salad,"No Cheese, Lite (Less) Yogurt, Add Black Sheep Lamb (Served On The Side)",FALSE,TRUE,FALSE,FALSE,"Veg Salad / Veg Sandwich whose only meat-like modification is Add Black Sheep Lamb, the plant-based mock lamb (correct_manual.py VLZX7K2M9QD4T_rule masks it before looking for meat)"
VLZX7K2M9QD4T,Veg Salad,"No Cheese, Lite (Less) Yogurt, Add Black Sheep Lamb (Served On The Side), Side Hot Sauce",FALSE,TRUE,FALSE,FALSE,"Veg Salad / Veg Sandwich whose only meat-like modification is Add Black Sheep Lamb, the plant-based mock lamb (correct_manual.py VLZX7K2M9QD4T_rule masks it before looking for meat)"
VLZX7K2M9QD4T,Veg Salad,"No Cheese, Lite (Less) Yogurt, Add Black Sheep Lamb (Served On The Side), Side Hot Sauce, Greek Style",FALSE,TRUE,FALSE,FALSE,"Veg Salad / Veg Sandwich whose only meat-like modification is Add Black Sheep Lamb, the plant-based mock lamb (correct_manual.py VLZX7K2M9QD4T_rule masks it before looking for meat)"
VLZX7K2M9QD4T,Veg Salad,"No Cheese, No Yogurt Dressing (Olive Oil Only), Add Black Sheep Lamb (Served On The Side)",FALSE,TRUE,FALSE,FALSE,"Veg Salad / Veg Sandwich whose only meat-like modification is Add Black Sheep Lamb, the plant-based mock lamb (correct_manual.py VLZX7K2M9QD4T_rule masks it before looking for meat)"
VLZX7K2M9QD4T,Veg Salad,"No Cheese, No Yogurt Dressing (Olive Oil Only), Add Black Sheep Lamb (Served On The Side), Add Sweet Potato (Served On The Side)",FALSE,TRUE,FALSE,FALSE,"Veg Salad / Veg Sandwich whose only meat-like modification is Add Black Sheep Lamb, the plant-based mock lamb (correct_manual.py VLZX7K2M9QD4T_rule masks it before looking for meat)"
VLZX7K2M9QD4T,Veg Salad,"No Cheese, No Yogurt Dressing (Olive Oil Only), Add Black Sheep Lamb (Served On The Side), Greek Style",FALSE,TRUE,FALSE,FALSE,"Veg Salad / Veg Sandwich whose only meat-like modification is Add Black Sheep Lamb, the plant-based mock lamb (correct_manual.py VLZX7K2M9QD4T_rule masks it before looking for meat)"
VLZX7K2M9QD4T,Veg Salad,"No Cheese, No Yogurt Dressing (Olive Oil Only), Add Black Sheep Lamb (Served On The Side), Side Hot Sauce",FALSE,TRUE,FALSE,FALSE,"Veg Salad / Veg Sandwich whose only meat-like modification is Add Black Sheep Lamb, the plant-based mock lamb (correct_manual.py VLZX7K2M9QD4T_rule masks it before looking for meat)"
VLZX7K2M9QD4T,Veg Salad,"No Cheese, Romaine Only, Add Black Sheep Lamb (Served On The Side)",FALSE,TRUE,FALSE,FALSE,"Veg Salad / Veg Sandwich whose only meat-like modification is Add Black Sheep Lamb, the plant-based mock lamb (correct_manual.py VLZX7K2M9QD4T_rule masks it before looking for meat)"
VLZX7K2M9QD4T,Veg Salad,"No Cheese, Romaine Only, No Yogurt Dressing (Olive Oil Only), Add Black Sheep Lamb (Served On The Side)",FALSE,TRUE,FALSE,FALSE,"Veg Salad / Veg Sandwich whose only meat-like modification is Add Black Sheep Lamb, the plant-based mock lamb (correct_manual.py VLZX7K2M9QD4T_rule masks it before looking for meat)"
VLZX7K2M9QD4T,Veg Salad,"No Onion, Add Black Sheep Lamb (Served On The Side), Greek Style",FALSE,TRUE,FALSE,FALSE,"Veg Salad / Veg Sandwich whose only meat-like modification is Add Black Sheep Lamb, the plant-based mock lamb (correct_manual.py VLZX7K2M9QD4T_rule masks it before looking for meat)"
VLZX7K2M9QD4T,Veg Salad,"No Onion, Add Black Sheep Lamb (Served On The Side), Side Hot Sauce",FALSE,TRUE,FALSE,FALSE,"Veg Salad / Veg Sandwich whose only meat-like modification is Add Black Sheep Lamb, the plant-based mock lamb (correct_manual.py VLZX7K2M9QD4T_rule masks it before looking for meat)"
VLZX7K2M9QD4T,Veg Salad,"No Onion, Dressings On Side, Add Black Sheep Lamb (Served On The Side)",FALSE,TRUE,FALSE,FALSE,"Veg Salad / Veg Sandwich whose only meat-like modification is Add Black Sheep Lamb, the plant-based mock lamb (correct_manual.py VLZX7K2M9QD4T_rule masks it before looking for meat)"
VLZX7K2M9QD4T,Veg Salad,"No Onion, Kale Only, Dressings On Side, Add Black Sheep Lamb (Served On The Side), Greek Style",FALSE,TRUE,FALSE,FALSE,"Veg Salad / Veg Sandwich whose only meat-like modification is Add Black Sheep Lamb, the plant-based mock lamb (correct_manual.py VLZX7K2M9QD4T_rule masks it before looking for meat)"
VLZX7K2M9QD4T,Veg Salad,"No Onion, Kale Only, Lite (Less) Yogurt, Add Black Sheep Lamb (Served On The Side)",FALSE,TRUE,FALSE,FALSE,"Veg Salad / Veg Sandwich whose only meat-like modification is Add Black Sheep Lamb, the plant-based mock lamb (correct_manual.py VLZX7K2M9QD4T_rule masks it before looking for meat)"
VLZX7K2M9QD4T,Veg Salad,"No Onion, No Cheese, Add Black Sheep Lamb (Served On The Side)",FALSE,TRUE,FALSE,FALSE,"Veg Salad / Veg Sandwich whose only meat-like modification is Add Black Sheep Lamb, the plant-based mock lamb (correct_manual.py VLZX7K2M9QD4T_rule masks it before looking for meat)"
VLZX7K2M9QD4T,Veg Salad,"No Onion, No Cheese, Add Black Sheep Lamb (Served On The Side), Greek Style",FALSE,TRUE,FALSE,FALSE,"Veg Salad / Veg Sandwich whose only meat-like modification is Add Black Sheep Lamb, the plant-based mock lamb (correct_manual.py VLZX7K2M9QD4T_rule masks it before looking for meat)"
VLZX7K2M9QD4T,Veg Salad,"No Onion, No Cheese, Dressings On Side, Add Black Sheep Lamb (Served On The Side), Side Hot Sauce",FALSE,TRUE,FALSE,FALSE,"Veg Salad / Veg Sandwich whose only meat-like modification is Add Black Sheep Lamb, the plant-based mock lamb (correct_manual.py VLZX7K2M9QD4T_rule masks it before looking for meat)"
VLZX7K2M9QD4T,Veg Salad,"No Onion, No Cheese, Dressings On Side, No Yogurt Dressing (Olive Oil Only), Add Black Sheep Lamb (Served On The Side)",FALSE,TRUE,FALSE,FALSE,"Veg Salad / Veg Sandwich whose only meat-like modification is Add Black Sheep Lamb, the plant-based mock lamb (correct_manual.py VLZX7K2M9QD4T_rule masks it before looking for meat)"
VLZX7K2M9QD4T,Veg Salad,"No Onion, No Cheese, Lite (Less) Yogurt, Add Black Sheep Lamb (Served On The Side), Greek Style",FALSE,TRUE,FALSE,FALSE,"Veg Salad / Veg Sandwich whose only meat-like modification is Add Black Sheep Lamb, the plant-based mock lamb (correct_manual.py VLZX7K2M9QD4T_rule masks it before looking for meat)"
VLZX7K2M9QD4T,Veg Salad,"No Onion, No Yogurt Dressing (Olive Oil Only), Add Black Sheep Lamb (Served On The Side)",FALSE,TRUE,FALSE,FALSE,"Veg Salad / Veg Sandwich whose only meat-like modification is Add Black Sheep Lamb, the plant-based mock lamb (correct_manual.py VLZX7K2M9QD4T_rule masks it before looking for meat)"
VLZX7K2M9QD4T,Veg Salad,"No Onion, Romaine Only, Dressings On Side, Add Black Sheep Lamb (Served On The Side)",FALSE,TRUE,FALSE,FALSE,"Veg Salad / Veg Sandwich whose only meat-like modification is Add Black Sheep Lamb, the plant-based mock lamb (correct_manual.py VLZX7K2M9QD4T_rule masks it before looking for meat)"
VLZX7K2M9QD4T,Veg Salad,"No Yogurt Dressing (Olive Oil Only), Add Black Sheep Lamb (Served On The Side)",FALSE,TRUE,FALSE,FALSE,"Veg Salad / Veg Sandwich whose only meat-like modification is Add Black Sheep Lamb, the plant-based mock lamb (correct_manual.py VLZX7K2M9QD4T_rule masks it before looking for meat)"
VLZX7K2M9QD4T,Veg Salad,"No Yogurt Dressing (Olive Oil Only), Dressings On Side, No Cheese, Add Black Sheep Lamb (Served On The Side)",FALSE,TRUE,FALSE,FALSE,"Veg Salad / Veg Sandwich whose only meat-like modification is Add Black Sheep Lamb, the plant-based mock lamb (correct_manual.py VLZX7K2M9QD4T_rule masks it before looking for meat)"
VLZX7K2M9QD4T,Veg Salad,"No Yogurt Dressing (Olive Oil Only), No Cheese, Add Black Sheep Lamb (Served On The Side)",FALSE,TRUE,FALSE,FALSE,"Veg Salad / Veg Sandwich whose only meat-like modification is Add Black Sheep Lamb, the plant-based mock lamb (correct_manual.py VLZX7K2M9QD4T_rule masks it before looking for meat)"
VLZX7K2M9QD4T,Veg Salad,"No Yogurt Dressing (Olive Oil Only), No Cheese, Add Black Sheep Lamb (Served On The Side), Side Hot Sauce",FALSE,TRUE,FALSE,FALSE,"Veg Salad / Veg Sandwich whose only meat-like modification is Add Black Sheep Lamb, the plant-based mock lamb (correct_manual.py VLZX7K2M9QD4T_rule masks it before looking for meat)"
VLZX7K2M9QD4T,Veg Salad,"No Yogurt Dressing (Olive Oil Only), No Onion, Greek Style, Add Black Sheep Lamb (Served On The Side)",FALSE,TRUE,FALSE,FALSE,"Veg Salad / Veg Sandwich whose only meat-like modification is Add Black Sheep Lamb, the plant-based mock lamb (correct_manual.py VLZX7K2M9QD4T_rule masks it before looking for meat)"
VLZX7K2M9QD4T,Veg Salad,"Romaine Only, Add Black Sheep Lamb (Served On The Side)",FALSE,TRUE,FALSE,FALSE,"Veg Salad / Veg Sandwich whose only meat-like modification is Add Black Sheep Lamb, the plant-based mock lamb (correct_manual.py VLZX7K2M9QD4T_rule masks it before looking for meat)"
VLZX7K2M9QD4T,Veg Salad,"Romaine Only, Add Black Sheep Lamb (Served On The Side), Side Hot Sauce, Greek Style",FALSE,TRUE,FALSE,FALSE,"Veg Salad / Veg Sandwich whose only meat-like modification is Add Black Sheep Lamb, the plant-based mock lamb (correct_manual.py VLZX7K2M9QD4T_rule masks it before looking for meat)"
VLZX7K2M9QD4T,Veg Sandwich,Add Black Sheep Lamb (Served On The Side),FALSE,TRUE,FALSE,FALSE,"Veg Salad / Veg Sandwich whose only meat-like modification is Add Black Sheep Lamb, the plant-based mock lamb (correct_manual.py VLZX7K2M9QD4T_rule masks it before looking for meat)"
VLZX7K2M9QD4T,Veg Sandwich,"Add Black Sheep Lamb (Served On The Side), Greek Style",FALSE,TRUE,FALSE,FALSE,"Veg Salad / Veg Sandwich whose only meat-like modification is Add Black Sheep Lamb, the plant-based mock lamb (correct_manual.py VLZX7K2M9QD4T_rule masks it before looking for meat)"
VLZX7K2M9QD4T,Veg Sandwich,"Add Black Sheep Lamb (Served On The Side), Side Hot Sauce",FALSE,TRUE,FALSE,FALSE,"Veg Salad / Veg Sandwich whose only meat-like modification is Add Black Sheep Lamb, the plant-based mock lamb (correct_manual.py VLZX7K2M9QD4T_rule masks it before looking for meat)"
VLZX7K2M9QD4T,Veg Sandwich,"Cheese On Side, Lite (Less) Yogurt Sauce, Add Black Sheep Lamb (Served On The Side)",FALSE,TRUE,FALSE,FALSE,"Veg Salad / Veg Sandwich whose only meat-like modification is Add Black Sheep Lamb, the plant-based mock lamb (correct_manual.py VLZX7K2M9QD4T_rule masks it before looking for meat)"
VLZX7K2M9QD4T,Veg Sandwich,"No Yogurt Sauce, No Cheese, Add Black Sheep Lamb (Served On The Side)",FALSE,TRUE,FALSE,FALSE,"Veg Salad / Veg Sandwich whose only meat-like modification is Add Black Sheep Lamb, the plant-based mock lamb (correct_manual.py VLZX7K2M9QD4T_rule masks it before looking for meat)"
VLZX7K2M9QD4T,Veg Sandwich,"Yogurt On Side, Add Black Sheep Lamb (Served On The Side), Side Hot Sauce, Greek Style",FALSE,TRUE,FALSE,FALSE,"Veg Salad / Veg Sandwich whose only meat-like modification is Add Black Sheep Lamb, the plant-based mock lamb (correct_manual.py VLZX7K2M9QD4T_rule masks it before looking for meat)"
VLZX7K2M9QD4T,Veg Sandwich,"Yogurt On Side, Side Hot Sauce, Add Black Sheep Lamb (Served On The Side)",FALSE,TRUE,FALSE,FALSE,"Veg Salad / Veg Sandwich whose only meat-like modification is Add Black Sheep Lamb, the plant-based mock lamb (correct_manual.py VLZX7K2M9QD4T_rule masks it before looking for meat)"
